2026-02-21 12:05:22,475 [INFO] Activator:176 - 


2026-02-21 12:05:22,476 [INFO] Activator:177 - !SESSION log4j initialized
2026-02-21 12:05:23,463 [ERROR] LogOutputStream:75 - [STDERR_REDIRECT] 
2026-02-21 12:05:24,863 [INFO] LogOutputStream:77 - [STDOUT_REDIRECT] 
2026-02-21 12:05:26,579 [INFO] ApplicationProperties:184 - Using Application install path: /Applications/STM32CubeIDE.app/Contents/Eclipse/plugins/com.st.stm32cube.common.mx_6.15.0.202507011659
2026-02-21 12:05:26,599 [INFO] DbMcusXml:78 - Set database path to: /Applications/STM32CubeIDE.app/Contents/Eclipse/plugins/com.st.stm32cube.common.mx_6.15.0.202507011659//db//mcu/
2026-02-21 12:05:26,599 [INFO] ApiDb:274 - Set plugin database path to: /Applications/STM32CubeIDE.app/Contents/Eclipse/plugins/com.st.stm32cube.common.mx_6.15.0.202507011659//db//plugins/boardmanager/
2026-02-21 12:05:26,600 [WARN] ApiDb:259 - Overriding images path with different value:  => /Applications/STM32CubeIDE.app/Contents/Eclipse/plugins/com.st.stm32cube.common.mx_6.15.0.202507011659//db//plugins/mcufinder/images/
2026-02-21 12:05:26,607 [INFO] ApiDb:250 - Set database path to: /Users/mahinnaveen/.stmcufinder/plugins/mcufinder//mcu/
2026-02-21 12:05:26,610 [INFO] DbMcusAds:125 - Set database path to: /Users/mahinnaveen/.stmcufinder/plugins/mcufinder//mcu/
2026-02-21 12:05:26,614 [INFO] CrossReferenceDbSqlite:203 - Set database path to: /Users/mahinnaveen/.stmcufinder/plugins/mcufinder//mcu/cs/
2026-02-21 12:05:26,754 [INFO] RulesReader:64 - Compatibility file has been processed (317 Rules)
2026-02-21 12:05:26,815 [INFO] DbMcusXml:78 - Set database path to: /Applications/STM32CubeIDE.app/Contents/Eclipse/plugins/com.st.stm32cube.common.mx_6.15.0.202507011659//db//mcu/
2026-02-21 12:05:26,816 [INFO] ApiDb:274 - Set plugin database path to: /Applications/STM32CubeIDE.app/Contents/Eclipse/plugins/com.st.stm32cube.common.mx_6.15.0.202507011659//db//plugins/boardmanager/
2026-02-21 12:05:26,816 [INFO] ApiDb:261 - Set plugin images path to: /Applications/STM32CubeIDE.app/Contents/Eclipse/plugins/com.st.stm32cube.common.mx_6.15.0.202507011659//db//plugins/mcufinder/images/
2026-02-21 12:05:26,816 [WARN] DbFile:41 - Overriding database path with different value: /Users/mahinnaveen/.stmcufinder/plugins/mcufinder/ => /Users/mahinnaveen/.stmcufinder/plugins/mcufinder
2026-02-21 12:05:26,816 [INFO] ApiDb:250 - Set database path to: /Users/mahinnaveen/.stmcufinder/plugins/mcufinder//mcu/
2026-02-21 12:05:26,816 [WARN] DbFile:41 - Overriding database path with different value: /Users/mahinnaveen/.stmcufinder/plugins/mcufinder/ => /Users/mahinnaveen/.stmcufinder/plugins/mcufinder
2026-02-21 12:05:26,816 [INFO] DbMcusAds:125 - Set database path to: /Users/mahinnaveen/.stmcufinder/plugins/mcufinder//mcu/
2026-02-21 12:05:26,816 [WARN] DbFile:41 - Overriding database path with different value: /Users/mahinnaveen/.stmcufinder/plugins/mcufinder/ => /Users/mahinnaveen/.stmcufinder/plugins/mcufinder
2026-02-21 12:05:26,816 [WARN] DbFile:41 - Overriding database path with different value: /Users/mahinnaveen/.stmcufinder/plugins/mcufinder/ => /Users/mahinnaveen/.stmcufinder/plugins/mcufinder
2026-02-21 12:05:26,817 [INFO] CrossReferenceDbSqlite:203 - Set database path to: /Users/mahinnaveen/.stmcufinder/plugins/mcufinder//mcu/cs/
2026-02-21 12:05:26,888 [INFO] MainPanel:274 - HeapMemory: 268435456
2026-02-21 12:05:27,260 [INFO] DbMcusXml:78 - Set database path to: /Applications/STM32CubeIDE.app/Contents/Eclipse/plugins/com.st.stm32cube.common.mx_6.15.0.202507011659//db//mcu/
2026-02-21 12:05:27,260 [INFO] ApiDb:274 - Set plugin database path to: /Applications/STM32CubeIDE.app/Contents/Eclipse/plugins/com.st.stm32cube.common.mx_6.15.0.202507011659//db//plugins/boardmanager/
2026-02-21 12:05:27,260 [INFO] ApiDb:261 - Set plugin images path to: /Applications/STM32CubeIDE.app/Contents/Eclipse/plugins/com.st.stm32cube.common.mx_6.15.0.202507011659//db//plugins/mcufinder/images/
2026-02-21 12:05:27,260 [WARN] DbFile:41 - Overriding database path with different value: /Users/mahinnaveen/.stmcufinder/plugins/mcufinder/ => /Users/mahinnaveen/.stmcufinder/plugins/mcufinder
2026-02-21 12:05:27,260 [INFO] ApiDb:250 - Set database path to: /Users/mahinnaveen/.stmcufinder/plugins/mcufinder//mcu/
2026-02-21 12:05:27,261 [WARN] DbFile:41 - Overriding database path with different value: /Users/mahinnaveen/.stmcufinder/plugins/mcufinder/ => /Users/mahinnaveen/.stmcufinder/plugins/mcufinder
2026-02-21 12:05:27,261 [INFO] DbMcusAds:125 - Set database path to: /Users/mahinnaveen/.stmcufinder/plugins/mcufinder//mcu/
2026-02-21 12:05:27,261 [WARN] DbFile:41 - Overriding database path with different value: /Users/mahinnaveen/.stmcufinder/plugins/mcufinder/ => /Users/mahinnaveen/.stmcufinder/plugins/mcufinder
2026-02-21 12:05:27,261 [WARN] DbFile:41 - Overriding database path with different value: /Users/mahinnaveen/.stmcufinder/plugins/mcufinder/ => /Users/mahinnaveen/.stmcufinder/plugins/mcufinder
2026-02-21 12:05:27,261 [INFO] CrossReferenceDbSqlite:203 - Set database path to: /Users/mahinnaveen/.stmcufinder/plugins/mcufinder//mcu/cs/
2026-02-21 12:05:27,274 [INFO] ApplicationProperties:184 - Using Application install path: /Applications/STM32CubeIDE.app/Contents/Eclipse/plugins/com.st.stm32cube.common.mx_6.15.0.202507011659
2026-02-21 12:05:27,276 [INFO] PluginManage:196 - Search for loadable plugins [exclusion list=, ]
2026-02-21 12:05:27,278 [INFO] PluginManage:310 - Check plugin analytics
2026-02-21 12:05:27,440 [INFO] AnalyticsPlugin:253 - Accepted Software Licenses: STM32CubeMX.6.13.0
2026-02-21 12:05:27,440 [INFO] AnalyticsPlugin:255 - Accepted CMSIS Pack Licenses: 
2026-02-21 12:05:27,441 [INFO] AnalyticsPlugin:257 - Accepted Firmware Licenses: FW.F4.1.28.0
2026-02-21 12:05:27,442 [INFO] PluginManage:359 - Loaded plugin analytics (category:tool,tabindex:-1)
2026-02-21 12:05:27,443 [INFO] PluginManage:310 - Check plugin cadmodel
2026-02-21 12:05:27,448 [INFO] CADModel:105 - Init CAD model plugin
2026-02-21 12:05:27,448 [INFO] PluginManage:359 - Loaded plugin cadmodel (category:power,tabindex:5)
2026-02-21 12:05:27,448 [INFO] PluginManage:310 - Check plugin clock
2026-02-21 12:05:27,457 [INFO] PluginManage:359 - Loaded plugin clock (category:base,tabindex:2)
2026-02-21 12:05:27,457 [INFO] PluginManage:310 - Check plugin ddr
2026-02-21 12:05:27,460 [INFO] PluginManage:359 - Loaded plugin ddr (category:tool,tabindex:6)
2026-02-21 12:05:27,460 [INFO] PluginManage:310 - Check plugin filemanager
2026-02-21 12:05:27,609 [INFO] PluginManage:359 - Loaded plugin filemanager (category:base,tabindex:10)
2026-02-21 12:05:27,609 [INFO] PluginManage:310 - Check plugin ipmanager
2026-02-21 12:05:27,615 [INFO] PluginManage:359 - Loaded plugin ipmanager (category:base,tabindex:5)
2026-02-21 12:05:27,616 [INFO] PluginManage:310 - Check plugin lpbam
2026-02-21 12:05:27,643 [INFO] PluginManage:359 - Loaded plugin lpbam (category:base,tabindex:0)
2026-02-21 12:05:27,644 [INFO] PluginManage:310 - Check plugin memorymap
2026-02-21 12:05:27,668 [INFO] PluginManage:359 - Loaded plugin memorymap (category:base,tabindex:4)
2026-02-21 12:05:27,668 [INFO] PluginManage:310 - Check plugin pinoutandconfiguration
2026-02-21 12:05:27,678 [INFO] PluginManage:359 - Loaded plugin pinoutandconfiguration (category:base,tabindex:1)
2026-02-21 12:05:27,679 [INFO] PluginManage:310 - Check plugin pinoutconfig
2026-02-21 12:05:27,776 [WARN] SupportedApi:132 - Cannot load RTOS API schema: s4s-elt-must-match.1: The content of 'definitions' must match (annotation?, (simpleType | complexType)?, (unique | key | keyref)*)). A problem was found starting at: attribute.
2026-02-21 12:05:27,900 [INFO] PluginManage:359 - Loaded plugin pinoutconfig (category:base,tabindex:0)
2026-02-21 12:05:27,900 [INFO] PluginManage:310 - Check plugin power
2026-02-21 12:05:27,910 [INFO] PluginManage:359 - Loaded plugin power (category:power,tabindex:4)
2026-02-21 12:05:27,910 [INFO] PluginManage:310 - Check plugin projectmanager
2026-02-21 12:05:27,927 [INFO] PluginManage:359 - Loaded plugin projectmanager (category:projectmanager,tabindex:4)
2026-02-21 12:05:27,927 [INFO] PluginManage:310 - Check plugin rif
2026-02-21 12:05:27,939 [INFO] PluginManage:359 - Loaded plugin rif (category:base,tabindex:3)
2026-02-21 12:05:27,939 [INFO] PluginManage:310 - Check plugin thirdparty
2026-02-21 12:05:28,080 [WARN] IntegrityCheckThread:84 - waiting for thirdparty lock release [integrity check]
2026-02-21 12:05:28,080 [INFO] PluginManage:359 - Loaded plugin thirdparty (category:base,tabindex:-1)
2026-02-21 12:05:28,081 [INFO] IntegrityCheckThread:86 - entering critical section [integrity check]
2026-02-21 12:05:28,081 [INFO] PluginManage:310 - Check plugin tools
2026-02-21 12:05:28,081 [INFO] ThirdPartyUpdaterWithRetryManager:70 - Updater plugin not ready yet. [1/15]
2026-02-21 12:05:28,083 [INFO] PluginManage:359 - Loaded plugin tools (category:base,tabindex:7)
2026-02-21 12:05:28,083 [INFO] PluginManage:310 - Check plugin tutovideos
2026-02-21 12:05:28,282 [INFO] PluginManage:359 - Loaded plugin tutovideos (category:base,tabindex:-1)
2026-02-21 12:05:28,283 [INFO] PluginManage:310 - Check plugin updater
2026-02-21 12:05:28,308 [INFO] PluginManage:359 - Loaded plugin updater (category:base,tabindex:12)
2026-02-21 12:05:28,308 [INFO] PluginManage:310 - Check plugin userauth
2026-02-21 12:05:28,313 [INFO] UserAuth:118 - Init User Auth plugin
2026-02-21 12:05:28,314 [INFO] PluginManage:359 - Loaded plugin userauth (category:base,tabindex:14)
2026-02-21 12:05:28,314 [INFO] PluginManage:283 - PluginManage : Loaded plugins [18]
2026-02-21 12:05:28,481 [INFO] PinOutPanel:1589 - setPackage(No Configuration,No Configuration)
2026-02-21 12:05:28,554 [INFO] CADModel:165 - CPN selected for project level
2026-02-21 12:05:28,554 [INFO] CADModel:114 - Register for checkConnection events
2026-02-21 12:05:28,567 [INFO] IPUIPlugin:80 - create IPUIPlugin
2026-02-21 12:05:28,567 [INFO] PluginManager:220 - loadIPPluginJar : add mdma
2026-02-21 12:05:28,576 [INFO] IPUIPlugin:80 - create IPUIPlugin
2026-02-21 12:05:28,576 [INFO] PluginManager:220 - loadIPPluginJar : add freertos
2026-02-21 12:05:28,583 [INFO] IPUIPlugin:80 - create IPUIPlugin
2026-02-21 12:05:28,583 [INFO] PluginManager:220 - loadIPPluginJar : add gic
2026-02-21 12:05:28,592 [INFO] IPUIPlugin:80 - create IPUIPlugin
2026-02-21 12:05:28,592 [INFO] PluginManager:220 - loadIPPluginJar : add adc
2026-02-21 12:05:28,595 [INFO] IPUIPlugin:80 - create IPUIPlugin
2026-02-21 12:05:28,595 [INFO] PluginManager:220 - loadIPPluginJar : add gtzc
2026-02-21 12:05:28,596 [INFO] IPUIPlugin:80 - create IPUIPlugin
2026-02-21 12:05:28,596 [INFO] PluginManager:220 - loadIPPluginJar : add quadspi
2026-02-21 12:05:28,599 [INFO] IPUIPlugin:80 - create IPUIPlugin
2026-02-21 12:05:28,599 [INFO] PluginManager:220 - loadIPPluginJar : add aes
2026-02-21 12:05:28,602 [INFO] IPUIPlugin:80 - create IPUIPlugin
2026-02-21 12:05:28,602 [INFO] PluginManager:220 - loadIPPluginJar : add pdm2pcm
2026-02-21 12:05:28,603 [INFO] IPUIPlugin:80 - create IPUIPlugin
2026-02-21 12:05:28,603 [INFO] PluginManager:220 - loadIPPluginJar : add hash
2026-02-21 12:05:28,604 [INFO] IPUIPlugin:80 - create IPUIPlugin
2026-02-21 12:05:28,604 [INFO] PluginManager:220 - loadIPPluginJar : add tim
2026-02-21 12:05:28,605 [INFO] IPUIPlugin:80 - create IPUIPlugin
2026-02-21 12:05:28,605 [INFO] PluginManager:220 - loadIPPluginJar : add tsc
2026-02-21 12:05:28,608 [INFO] IPUIPlugin:80 - create IPUIPlugin
2026-02-21 12:05:28,608 [INFO] PluginManager:220 - loadIPPluginJar : add extmemmanager
2026-02-21 12:05:28,610 [INFO] IPUIPlugin:80 - create IPUIPlugin
2026-02-21 12:05:28,610 [INFO] PluginManager:220 - loadIPPluginJar : add ts
2026-02-21 12:05:28,611 [INFO] IPUIPlugin:80 - create IPUIPlugin
2026-02-21 12:05:28,611 [INFO] PluginManager:220 - loadIPPluginJar : add radio
2026-02-21 12:05:28,614 [INFO] IPUIPlugin:80 - create IPUIPlugin
2026-02-21 12:05:28,614 [INFO] PluginManager:220 - loadIPPluginJar : add can
2026-02-21 12:05:28,616 [INFO] IPUIPlugin:80 - create IPUIPlugin
2026-02-21 12:05:28,616 [INFO] PluginManager:220 - loadIPPluginJar : add dma3
2026-02-21 12:05:28,618 [INFO] IPUIPlugin:80 - create IPUIPlugin
2026-02-21 12:05:28,618 [INFO] PluginManager:220 - loadIPPluginJar : add dfsdm
2026-02-21 12:05:28,620 [INFO] IPUIPlugin:80 - create IPUIPlugin
2026-02-21 12:05:28,620 [INFO] PluginManager:220 - loadIPPluginJar : add spi
2026-02-21 12:05:28,622 [INFO] IPUIPlugin:80 - create IPUIPlugin
2026-02-21 12:05:28,622 [INFO] PluginManager:220 - loadIPPluginJar : add gfxmmu
2026-02-21 12:05:28,623 [INFO] IPUIPlugin:80 - create IPUIPlugin
2026-02-21 12:05:28,623 [INFO] PluginManager:220 - loadIPPluginJar : add genericplugin
2026-02-21 12:05:28,625 [INFO] IPUIPlugin:80 - create IPUIPlugin
2026-02-21 12:05:28,625 [INFO] PluginManager:220 - loadIPPluginJar : add cryp
2026-02-21 12:05:28,629 [INFO] IPUIPlugin:80 - create IPUIPlugin
2026-02-21 12:05:28,630 [INFO] PluginManager:220 - loadIPPluginJar : add gpio
2026-02-21 12:05:28,634 [INFO] IPUIPlugin:80 - create IPUIPlugin
2026-02-21 12:05:28,634 [INFO] PluginManager:220 - loadIPPluginJar : add ddr_ctrl_phy
2026-02-21 12:05:28,635 [INFO] IPUIPlugin:80 - create IPUIPlugin
2026-02-21 12:05:28,635 [INFO] PluginManager:220 - loadIPPluginJar : add comp
2026-02-21 12:05:28,637 [INFO] IPUIPlugin:80 - create IPUIPlugin
2026-02-21 12:05:28,637 [INFO] PluginManager:220 - loadIPPluginJar : add tracer_emb
2026-02-21 12:05:28,640 [INFO] IPUIPlugin:80 - create IPUIPlugin
2026-02-21 12:05:28,640 [INFO] PluginManager:220 - loadIPPluginJar : add openamp
2026-02-21 12:05:28,646 [INFO] IPUIPlugin:80 - create IPUIPlugin
2026-02-21 12:05:28,646 [INFO] PluginManager:220 - loadIPPluginJar : add stm32_wpan
2026-02-21 12:05:28,651 [INFO] IPUIPlugin:80 - create IPUIPlugin
2026-02-21 12:05:28,653 [INFO] PluginManager:220 - loadIPPluginJar : add plateformsettings
2026-02-21 12:05:28,658 [INFO] IPUIPlugin:80 - create IPUIPlugin
2026-02-21 12:05:28,658 [INFO] PluginManager:220 - loadIPPluginJar : add ipddr
2026-02-21 12:05:28,660 [INFO] IPUIPlugin:80 - create IPUIPlugin
2026-02-21 12:05:28,660 [INFO] PluginManager:220 - loadIPPluginJar : add usart
2026-02-21 12:05:28,661 [INFO] IPUIPlugin:80 - create IPUIPlugin
2026-02-21 12:05:28,662 [INFO] PluginManager:220 - loadIPPluginJar : add ltdc
2026-02-21 12:05:28,666 [INFO] IPUIPlugin:80 - create IPUIPlugin
2026-02-21 12:05:28,666 [INFO] PluginManager:220 - loadIPPluginJar : add nvic
2026-02-21 12:05:28,667 [INFO] IPUIPlugin:80 - create IPUIPlugin
2026-02-21 12:05:28,667 [INFO] PluginManager:220 - loadIPPluginJar : add fatfs
2026-02-21 12:05:28,675 [INFO] IPUIPlugin:80 - create IPUIPlugin
2026-02-21 12:05:28,675 [INFO] PluginManager:220 - loadIPPluginJar : add linkedlist
2026-02-21 12:05:28,681 [INFO] IPUIPlugin:80 - create IPUIPlugin
2026-02-21 12:05:28,681 [INFO] PluginManager:220 - loadIPPluginJar : add dma
2026-02-21 12:05:28,684 [INFO] IPUIPlugin:80 - create IPUIPlugin
2026-02-21 12:05:28,684 [INFO] PluginManager:220 - loadIPPluginJar : add fmc
2026-02-21 12:05:28,686 [INFO] IPUIPlugin:80 - create IPUIPlugin
2026-02-21 12:05:28,686 [INFO] PluginManager:220 - loadIPPluginJar : add i2s
2026-02-21 12:05:28,687 [INFO] IPUIPlugin:80 - create IPUIPlugin
2026-02-21 12:05:28,688 [INFO] PluginManager:220 - loadIPPluginJar : add ucpd
2026-02-21 12:05:28,690 [INFO] IPUIPlugin:80 - create IPUIPlugin
2026-02-21 12:05:28,690 [INFO] PluginManager:220 - loadIPPluginJar : add lorawan
2026-02-21 12:05:28,692 [INFO] IPUIPlugin:80 - create IPUIPlugin
2026-02-21 12:05:28,692 [INFO] PluginManager:220 - loadIPPluginJar : add opamp
2026-02-21 12:05:28,695 [INFO] IPUIPlugin:80 - create IPUIPlugin
2026-02-21 12:05:28,695 [INFO] PluginManager:220 - loadIPPluginJar : add i3c
2026-02-21 12:05:28,699 [INFO] IPUIPlugin:80 - create IPUIPlugin
2026-02-21 12:05:28,699 [INFO] PluginManager:220 - loadIPPluginJar : add touchsensing
2026-02-21 12:05:28,702 [INFO] IPUIPlugin:80 - create IPUIPlugin
2026-02-21 12:05:28,702 [INFO] PluginManager:220 - loadIPPluginJar : add i2c
2026-02-21 12:05:28,706 [INFO] IPUIPlugin:80 - create IPUIPlugin
2026-02-21 12:05:28,706 [INFO] PluginManager:220 - loadIPPluginJar : add resmgrutility
2026-02-21 12:05:28,709 [INFO] IPUIPlugin:80 - create IPUIPlugin
2026-02-21 12:05:28,709 [INFO] PluginManager:220 - loadIPPluginJar : add sai
2026-02-21 12:05:28,712 [INFO] IPUIPlugin:80 - create IPUIPlugin
2026-02-21 12:05:28,712 [INFO] PluginManager:220 - loadIPPluginJar : add usbx
2026-02-21 12:05:28,817 [FATAL] Updater:351 - Updater called before beeing initialized
2026-02-21 12:05:28,839 [INFO] RulesReader:64 - Compatibility file has been processed (317 Rules)
2026-02-21 12:05:28,850 [INFO] RulesReader:64 - Compatibility file has been processed (317 Rules)
2026-02-21 12:05:28,857 [INFO] CADModel:165 - CPN selected for project level
2026-02-21 12:05:28,857 [INFO] CADModel:114 - Register for checkConnection events
2026-02-21 12:05:28,857 [FATAL] Updater:351 - Updater called before beeing initialized
2026-02-21 12:05:28,857 [ERROR] CADModel:125 - Updater not yet initialized, retry later 
2026-02-21 12:05:28,999 [FATAL] Updater:351 - Updater called before beeing initialized
2026-02-21 12:05:29,000 [INFO] CADModel:165 - CPN selected for project level
2026-02-21 12:05:29,001 [INFO] CADModel:114 - Register for checkConnection events
2026-02-21 12:05:29,001 [FATAL] Updater:351 - Updater called before beeing initialized
2026-02-21 12:05:29,001 [ERROR] CADModel:125 - Updater not yet initialized, retry later 
2026-02-21 12:05:29,004 [FATAL] Updater:351 - Updater called before beeing initialized
2026-02-21 12:05:29,092 [FATAL] Updater:351 - Updater called before beeing initialized
2026-02-21 12:05:29,099 [INFO] DbMcusAds:53 - JSON generation date=Tue Feb 10 06:16:36 CST 2026 (1770725796257)
2026-02-21 12:05:29,099 [FATAL] Updater:351 - Updater called before beeing initialized
2026-02-21 12:05:29,141 [WARN] DetailPanel:346 - Failed to get advertising image, set to default
2026-02-21 12:05:29,223 [FATAL] Updater:351 - Updater called before beeing initialized
2026-02-21 12:05:29,226 [FATAL] Updater:351 - Updater called before beeing initialized
2026-02-21 12:05:29,226 [FATAL] Updater:351 - Updater called before beeing initialized
2026-02-21 12:05:29,226 [WARN] DetailPanel:346 - Failed to get advertising image, set to default
2026-02-21 12:05:29,227 [FATAL] Updater:351 - Updater called before beeing initialized
2026-02-21 12:05:29,258 [ERROR] Updater:1198 - MainUpdater not yet initialized. External WinMGr cannot be set.
2026-02-21 12:05:29,259 [INFO] Updater:1134 - Updater Version found : 6.15.0
2026-02-21 12:05:29,279 [INFO] ApplicationProperties:184 - Using Application install path: /Applications/STM32CubeIDE.app/Contents/Eclipse/plugins/com.st.stm32cube.common.mx_6.15.0.202507011659
2026-02-21 12:05:29,652 [INFO] MainUpdater:2872 - connection check result : 10
2026-02-21 12:05:29,653 [INFO] MainUpdater:289 - Updater Check For Update Now.
2026-02-21 12:05:29,653 [INFO] MicroXplorer:498 - Change Database Version : DB.6.0.150
2026-02-21 12:05:29,658 [INFO] McuFinderGlobals:63 - Set McuFinder mode to 2 (CubeIDE integrated)
2026-02-21 12:05:29,659 [INFO] UserAuth:487 - Internet connection configuration mode: 1
2026-02-21 12:05:29,679 [INFO] JxBrowserEngine:152 - Initiate JxBrowser Engine with user profile folder
2026-02-21 12:05:29,841 [INFO] CheckServerUpdateThread:120 - End of CheckServer Thread
2026-02-21 12:05:30,735 [INFO] WebApp:169 - Instantiating new browser for Auth
2026-02-21 12:05:31,519 [INFO] WebApp:463 - Apply proxy settings
2026-02-21 12:05:31,560 [INFO] WebApp:508 - Chromium authenticates against Manually configured proxy
2026-02-21 12:05:31,582 [INFO] WebApp:516 - Username used for proxy authentication: 
2026-02-21 12:05:31,657 [INFO] WebApp:900 - Register for checkConnection events
2026-02-21 12:05:31,670 [INFO] WebApp:463 - Apply proxy settings
2026-02-21 12:05:31,711 [INFO] WebApp:508 - Chromium authenticates against Manually configured proxy
2026-02-21 12:05:31,728 [INFO] WebApp:516 - Username used for proxy authentication: 
2026-02-21 12:05:31,974 [INFO] WebApp:225 - Starting web application
2026-02-21 12:05:31,982 [INFO] WebApp:593 - Web application path used /Applications/STM32CubeIDE.app/Contents/Eclipse/plugins/com.st.stm32cube.common.mx_6.15.0.202507011659/db/plugins/mcufinder/reactClient1/index.html
2026-02-21 12:05:32,113 [INFO] UserAuth:487 - Internet connection configuration mode: 1
2026-02-21 12:05:32,612 [INFO] WebApp:191 - Connection restablished
2026-02-21 12:05:35,790 [WARN] PackLoader:240 - Cannot read IP mode file for STMicroelectronics.FP-SNS-MOTENVWB1.1.4.0
2026-02-21 12:05:35,801 [WARN] PackLoader:240 - Cannot read IP mode file for STMicroelectronics.X-CUBE-SMBUS.2.1.0
2026-02-21 12:05:35,807 [WARN] PackLoader:240 - Cannot read IP mode file for STMicroelectronics.X-CUBE-ST60.1.0.0
2026-02-21 12:05:35,834 [WARN] PackLoader:240 - Cannot read IP mode file for STMicroelectronics.X-CUBE-AZRTOS-F7.1.1.0
2026-02-21 12:05:35,841 [WARN] PackLoader:240 - Cannot read IP mode file for Cesanta.I-CUBE-Mongoose.7.19.0
2026-02-21 12:05:35,846 [WARN] PackLoader:240 - Cannot read IP mode file for STMicroelectronics.FP-SNS-MOTENV1.5.1.0
2026-02-21 12:05:35,856 [WARN] PackLoader:240 - Cannot read IP mode file for WES.I-CUBE-Cesium.1.4.0
2026-02-21 12:05:35,860 [WARN] PackLoader:240 - Cannot read IP mode file for STMicroelectronics.FP-SNS-FLIGHT1.5.0.2
2026-02-21 12:05:35,890 [WARN] PackLoader:240 - Cannot read IP mode file for Infineon.AIROC-Wi-Fi-Bluetooth-STM32.1.7.1
2026-02-21 12:05:35,917 [WARN] PackLoader:240 - Cannot read IP mode file for STMicroelectronics.X-CUBE-AZRTOS-H7.3.4.0
2026-02-21 12:05:35,927 [WARN] PackLoader:240 - Cannot read IP mode file for STMicroelectronics.X-CUBE-DISPLAY.3.0.0
2026-02-21 12:05:35,938 [WARN] PackLoader:240 - Cannot read IP mode file for STMicroelectronics.X-CUBE-BLE1.7.0.0
2026-02-21 12:05:35,944 [WARN] PackLoader:240 - Cannot read IP mode file for STMicroelectronics.X-CUBE-NFC10.1.0.0
2026-02-21 12:05:35,954 [WARN] PackLoader:240 - Cannot read IP mode file for STMicroelectronics.X-CUBE-BLEMGR.4.0.0
2026-02-21 12:05:35,961 [WARN] PackLoader:240 - Cannot read IP mode file for STMicroelectronics.X-CUBE-ST60.1.1.0
2026-02-21 12:05:35,966 [WARN] PackLoader:240 - Cannot read IP mode file for emotas.I-CUBE-CANOPEN.1.3.0
2026-02-21 12:05:35,971 [WARN] PackLoader:240 - Cannot read IP mode file for STMicroelectronics.X-CUBE-GNSS1.7.1.0
2026-02-21 12:05:35,975 [WARN] PackLoader:240 - Cannot read IP mode file for STMicroelectronics.X-CUBE-AI.10.0.0
2026-02-21 12:05:35,982 [WARN] PackLoader:240 - Cannot read IP mode file for STMicroelectronics.FP-SNS-STBOX1.2.1.0
2026-02-21 12:05:35,988 [WARN] PackLoader:240 - Cannot read IP mode file for STMicroelectronics.FP-SNS-SMARTAG2.1.2.0
2026-02-21 12:05:35,991 [WARN] PackLoader:240 - Cannot read IP mode file for STMicroelectronics.FP-SNS-FLIGHT1.5.1.0
2026-02-21 12:05:36,025 [WARN] PackLoader:240 - Cannot read IP mode file for STMicroelectronics.X-CUBE-MEMS1.11.1.0
2026-02-21 12:05:36,127 [INFO] LogOutputStream:77 - [STDOUT_REDIRECT] 1 : Invalid condition id : UX_CORESTACK_Condition cause : null
2026-02-21 12:05:36,127 [INFO] LogOutputStream:77 - [STDOUT_REDIRECT] 1 : Invalid condition id : UX_CORESTACK_Condition cause : null
2026-02-21 12:05:36,127 [INFO] LogOutputStream:77 - [STDOUT_REDIRECT] 1 : Invalid condition id : UX_CORESTACK_Condition cause : null
2026-02-21 12:05:36,128 [INFO] LogOutputStream:77 - [STDOUT_REDIRECT] 1 : Invalid condition id : UX_CORESTACK_Condition cause : null
2026-02-21 12:05:36,128 [INFO] LogOutputStream:77 - [STDOUT_REDIRECT] 1 : Invalid condition id : UX_CORESTACK_Condition cause : null
2026-02-21 12:05:36,130 [WARN] PackLoader:240 - Cannot read IP mode file for STMicroelectronics.X-CUBE-AZRTOS-WL.2.0.0
2026-02-21 12:05:36,134 [WARN] PackLoader:240 - Cannot read IP mode file for STMicroelectronics.FP-SNS-MOTENV1.5.0.0
2026-02-21 12:05:36,150 [WARN] PackLoader:240 - Cannot read IP mode file for STMicroelectronics.X-CUBE-AZRTOS-H7RS.1.2.0
2026-02-21 12:05:36,156 [WARN] PackLoader:240 - Cannot read IP mode file for STMicroelectronics.X-CUBE-BLE2.3.3.0
2026-02-21 12:05:36,170 [WARN] PackLoader:240 - Cannot read IP mode file for STMicroelectronics.X-CUBE-NFC9.1.0.0
2026-02-21 12:05:36,175 [WARN] PackLoader:240 - Cannot read IP mode file for wolfSSL.I-CUBE-wolfSSL.5.8.2
2026-02-21 12:05:36,177 [WARN] PackLoader:240 - Cannot read IP mode file for wolfSSL.I-CUBE-wolfMQTT.1.19.2
2026-02-21 12:05:36,183 [WARN] PackLoader:240 - Cannot read IP mode file for STMicroelectronics.X-CUBE-FREERTOS.1.4.0
2026-02-21 12:05:36,188 [WARN] PackLoader:240 - Cannot read IP mode file for STMicroelectronics.X-CUBE-EEPRMA1.5.2.0
2026-02-21 12:05:36,193 [WARN] PackLoader:240 - Cannot read IP mode file for STMicroelectronics.X-CUBE-ST67W61.1.1.0
2026-02-21 12:05:36,222 [WARN] PackLoader:240 - Cannot read IP mode file for STMicroelectronics.X-CUBE-MEMS1.12.0.0
2026-02-21 12:05:36,316 [WARN] PackLoader:240 - Cannot read IP mode file for STMicroelectronics.X-CUBE-AZRTOS-G0.1.1.0
2026-02-21 12:05:36,322 [WARN] PackLoader:240 - Cannot read IP mode file for STMicroelectronics.X-CUBE-SAFEA1.1.2.2
2026-02-21 12:05:36,327 [WARN] PackLoader:240 - Cannot read IP mode file for STMicroelectronics.X-CUBE-NFC4.3.0.0
2026-02-21 12:05:36,333 [WARN] PackLoader:240 - Cannot read IP mode file for EmbeddedOffice.I-CUBE-FS-RTOS.1.0.1
2026-02-21 12:05:36,338 [WARN] PackLoader:240 - Cannot read IP mode file for STMicroelectronics.X-CUBE-WB05N.2.0.0
2026-02-21 12:05:36,341 [WARN] PackLoader:240 - Cannot read IP mode file for wolfSSL.I-CUBE-wolfTPM.3.8.0
2026-02-21 12:05:36,345 [WARN] PackLoader:240 - Cannot read IP mode file for RealThread.X-CUBE-RT-Thread_Nano.4.1.1
2026-02-21 12:05:36,349 [WARN] PackLoader:240 - Cannot read IP mode file for STMicroelectronics.FP-ATR-SIGFOX1.3.2.0
2026-02-21 12:05:36,354 [WARN] PackLoader:240 - Cannot read IP mode file for STMicroelectronics.X-CUBE-EEPRMA1.5.1.0
2026-02-21 12:05:36,359 [WARN] PackLoader:240 - Cannot read IP mode file for ITTIA_DB.I-CUBE-ITTIADB.8.9.0
2026-02-21 12:05:36,365 [WARN] PackLoader:240 - Cannot read IP mode file for STMicroelectronics.X-CUBE-NFC6.3.2.0
2026-02-21 12:05:36,371 [WARN] PackLoader:240 - Cannot read IP mode file for STMicroelectronics.X-CUBE-ST67W61.1.0.0
2026-02-21 12:05:36,375 [WARN] PackLoader:240 - Cannot read IP mode file for STMicroelectronics.X-CUBE-AI.10.2.0
2026-02-21 12:05:36,393 [WARN] PackLoader:240 - Cannot read IP mode file for SEGGER.I-CUBE-embOS.1.3.1
2026-02-21 12:05:36,423 [WARN] PackLoader:240 - Cannot read IP mode file for STMicroelectronics.X-CUBE-ALGOBUILD.1.4.0
2026-02-21 12:05:36,452 [WARN] PackLoader:240 - Cannot read IP mode file for STMicroelectronics.X-CUBE-MEMS1.11.3.0
2026-02-21 12:05:36,521 [WARN] PackLoader:240 - Cannot read IP mode file for STMicroelectronics.X-CUBE-PM33A1.1.0.0
2026-02-21 12:05:36,533 [WARN] PackLoader:240 - Cannot read IP mode file for STMicroelectronics.X-CUBE-AZRTOS-F4.1.1.0
2026-02-21 12:05:36,538 [WARN] PackLoader:240 - Cannot read IP mode file for STMicroelectronics.X-CUBE-ISPU.2.1.0
2026-02-21 12:05:36,547 [WARN] PackLoader:240 - Cannot read IP mode file for STMicroelectronics.X-CUBE-IPS.3.2.0
2026-02-21 12:05:36,555 [WARN] PackLoader:240 - Cannot read IP mode file for STMicroelectronics.X-CUBE-NFC12.1.0.0
2026-02-21 12:05:36,567 [WARN] PackLoader:240 - Cannot read IP mode file for STMicroelectronics.X-CUBE-AZRTOS-L5.2.0.0
2026-02-21 12:05:36,572 [WARN] PackLoader:240 - Cannot read IP mode file for STMicroelectronics.X-CUBE-NFC6.3.1.0
2026-02-21 12:05:36,576 [WARN] PackLoader:240 - Cannot read IP mode file for STMicroelectronics.X-CUBE-DPower.1.2.0
2026-02-21 12:05:36,580 [WARN] PackLoader:240 - Cannot read IP mode file for STMicroelectronics.X-CUBE-FREERTOS.1.3.1
2026-02-21 12:05:36,587 [WARN] PackLoader:240 - Cannot read IP mode file for STMicroelectronics.X-CUBE-FREERTOS.1.3.0
2026-02-21 12:05:36,590 [WARN] PackLoader:240 - Cannot read IP mode file for STMicroelectronics.X-CUBE-NFC7.1.0.1
2026-02-21 12:05:36,595 [WARN] PackLoader:240 - Cannot read IP mode file for STMicroelectronics.X-CUBE-TOUCHGFX.4.26.0
2026-02-21 12:05:36,599 [WARN] PackLoader:240 - Cannot read IP mode file for STMicroelectronics.FP-SNS-STAIOTCFT.1.0.0
2026-02-21 12:05:36,603 [WARN] PackLoader:240 - Cannot read IP mode file for STMicroelectronics.X-CUBE-DPower.1.3.0
2026-02-21 12:05:36,615 [WARN] ConditionMgr:438 - getConditionDescription Invalid condition id : LAN8742 Phy interface Condition cause : null
2026-02-21 12:05:36,615 [WARN] PackLoader:240 - Cannot read IP mode file for STMicroelectronics.X-CUBE-AZRTOS-L4.2.0.0
2026-02-21 12:05:36,616 [WARN] ConditionMgr:1044 - genDependencies : Invalid condition id : LAN8742 Phy interface Condition cause : null
2026-02-21 12:05:36,616 [WARN] ConditionMgr:1044 - genDependencies : Invalid condition id : LAN8742 Phy interface Condition cause : null
2026-02-21 12:05:36,616 [WARN] ConditionMgr:1044 - genDependencies : Invalid condition id : LAN8742 Phy interface Condition cause : null
2026-02-21 12:05:36,622 [WARN] PackLoader:240 - Cannot read IP mode file for STMicroelectronics.X-CUBE-SFXS2LP1.4.0.0
2026-02-21 12:05:36,627 [WARN] PackLoader:240 - Cannot read IP mode file for STMicroelectronics.X-CUBE-ST67W61.1.2.0
2026-02-21 12:05:36,636 [WARN] PackLoader:240 - Cannot read IP mode file for STMicroelectronics.X-CUBE-BLEMGR.4.1.0
2026-02-21 12:05:36,646 [WARN] ConditionMgr:438 - getConditionDescription Invalid condition id : UX DEVICE CLASS RTOS Condition cause : null
2026-02-21 12:05:36,646 [WARN] ConditionMgr:438 - getConditionDescription Invalid condition id : UX DEVICE CLASS RTOS Condition cause : null
2026-02-21 12:05:36,647 [WARN] PackLoader:240 - Cannot read IP mode file for STMicroelectronics.X-CUBE-AZRTOS-WB.2.0.0
2026-02-21 12:05:36,648 [WARN] ConditionMgr:1044 - genDependencies : Invalid condition id : UX DEVICE CLASS RTOS Condition cause : null
2026-02-21 12:05:36,648 [WARN] ConditionMgr:1044 - genDependencies : Invalid condition id : UX DEVICE CLASS RTOS Condition cause : null
2026-02-21 12:05:36,648 [WARN] ConditionMgr:1044 - genDependencies : Invalid condition id : UX DEVICE CLASS RTOS Condition cause : null
2026-02-21 12:05:36,648 [WARN] ConditionMgr:1044 - genDependencies : Invalid condition id : UX DEVICE CLASS RTOS Condition cause : null
2026-02-21 12:05:36,648 [WARN] ConditionMgr:1044 - genDependencies : Invalid condition id : UX DEVICE CLASS RTOS Condition cause : null
2026-02-21 12:05:36,652 [WARN] PackLoader:240 - Cannot read IP mode file for STMicroelectronics.X-CUBE-GNSS1.7.0.1
2026-02-21 12:05:36,656 [WARN] PackLoader:240 - Cannot read IP mode file for STMicroelectronics.X-CUBE-TOUCHGFX.4.25.0
2026-02-21 12:05:36,660 [WARN] PackLoader:240 - Cannot read IP mode file for STMicroelectronics.FP-SNS-STBOX1.2.0.0
2026-02-21 12:05:36,663 [WARN] ConditionMgr:438 - getConditionDescription Invalid condition id : Cortex-A Device cause : null
2026-02-21 12:05:36,669 [WARN] ConditionMgr:1044 - genDependencies : Invalid condition id : Cortex-A Device cause : null
2026-02-21 12:05:36,670 [WARN] ConditionMgr:1044 - genDependencies : Invalid condition id : Cortex-A Device cause : null
2026-02-21 12:05:36,670 [WARN] ConditionMgr:1044 - genDependencies : Invalid condition id : Cortex-A Device cause : null
2026-02-21 12:05:36,675 [WARN] PackLoader:240 - Cannot read IP mode file for STMicroelectronics.X-CUBE-STSE01.2.0.0
2026-02-21 12:05:36,682 [WARN] PackLoader:240 - Cannot read IP mode file for STMicroelectronics.X-CUBE-SUBG2.5.0.0
2026-02-21 12:05:36,696 [WARN] PackLoader:240 - Cannot read IP mode file for STMicroelectronics.X-CUBE-AZRTOS-H7RS.1.1.0
2026-02-21 12:05:36,707 [WARN] PackLoader:240 - Cannot read IP mode file for STMicroelectronics.X-CUBE-AZRTOS-G4.2.0.0
2026-02-21 12:05:36,710 [WARN] PackLoader:240 - Cannot read IP mode file for wolfSSL.I-CUBE-wolfSSH.1.4.20
2026-02-21 12:05:36,713 [WARN] PackLoader:240 - Cannot read IP mode file for STMicroelectronics.X-CUBE-NFC7.2.0.0
2026-02-21 12:05:36,721 [WARN] PackLoader:240 - Cannot read IP mode file for STMicroelectronics.X-CUBE-IPS.3.1.0
2026-02-21 12:05:36,727 [WARN] PackLoader:240 - Cannot read IP mode file for STMicroelectronics.X-CUBE-ALS.1.0.2
2026-02-21 12:05:36,730 [WARN] PackLoader:240 - Cannot read IP mode file for STMicroelectronics.X-CUBE-TOUCHGFX.4.24.2
2026-02-21 12:05:36,734 [WARN] PackLoader:240 - Cannot read IP mode file for STMicroelectronics.X-CUBE-STSE01.1.0.0
2026-02-21 12:05:36,742 [WARN] PackLoader:240 - Cannot read IP mode file for STMicroelectronics.X-CUBE-TOF1.3.4.2
2026-02-21 12:05:36,770 [WARN] PackLoader:240 - Cannot read IP mode file for STMicroelectronics.X-CUBE-TOF1.3.4.3
2026-02-21 12:05:36,776 [INFO] ThirdParty:978 - Integrity check success = true
2026-02-21 12:05:36,776 [INFO] IntegrityCheckThread:100 - exiting critical section [integrity check]
2026-02-21 12:05:36,776 [INFO] IntegrityCheckThread:103 - End integrity checks thread
2026-02-21 12:11:39,901 [INFO] McuFinderGlobals:63 - Set McuFinder mode to 2 (CubeIDE integrated)
2026-02-21 12:11:41,928 [INFO] MainUpdater:2872 - connection check result : 10
2026-02-21 12:11:41,930 [INFO] MainUpdater:2872 - connection check result : 10
2026-02-21 12:11:42,362 [INFO] MicroXplorer:468 - Change Database Path : 
2026-02-21 12:11:42,363 [INFO] MicroXplorer:498 - Change Database Version : DB.6.0.150
2026-02-21 12:11:42,370 [WARN] ThirdParty:871 - waiting for thirdparty lock release [close project]
2026-02-21 12:11:42,370 [INFO] ThirdParty:873 - entering critical section [close project]
2026-02-21 12:11:42,371 [INFO] ThirdParty:883 - exiting critical section [close project]
2026-02-21 12:11:42,374 [INFO] PinOutPanel:1589 - setPackage(No Configuration,No Configuration)
2026-02-21 12:11:42,377 [INFO] UtilMem:75 - Begin LoadConfig() Used Memory: 843325384 Bytes (1073741824)
2026-02-21 12:11:42,379 [INFO] MicroXplorer:468 - Change Database Path : 
2026-02-21 12:11:42,379 [INFO] MicroXplorer:498 - Change Database Version : DB.6.0.150
2026-02-21 12:11:42,379 [INFO] OpenFileManager:355 - Change cursor
2026-02-21 12:11:42,422 [INFO] Mcu:2029 - Initializing MCU STM32F446R(C-E)Tx STM32F446RETx STM32F446RET6
2026-02-21 12:11:43,781 [INFO] Context:786 - Trying to add GPIOservice into a context  which must be forbidden
2026-02-21 12:11:44,170 [INFO] ImportTextPane:234 - (OptionalMessage_ERROR) Pin22 (VP_RIF_VS_RIF1) cannot be retrieved for this MCU
2026-02-21 12:11:44,262 [INFO] RtosManager:558 - Registered RTOS mode: class=CMSIS, group=RTOS, mode=CMSIS_V1, owner=FREERTOS
2026-02-21 12:11:44,262 [INFO] RtosManager:558 - Registered RTOS mode: class=CMSIS, group=RTOS2, mode=CMSIS_V2, owner=FREERTOS
2026-02-21 12:11:44,262 [INFO] RtosManager:558 - Registered RTOS mode: class=RTOS, group=Core, mode=CMSIS_V1, owner=FREERTOS
2026-02-21 12:11:44,262 [INFO] RtosManager:558 - Registered RTOS mode: class=RTOS, group=Core, mode=CMSIS_V2, owner=FREERTOS
2026-02-21 12:11:44,263 [WARN] ModelIntegratedComponent:184 - Missing modes for component STMicroelectronics:FreeRTOS:0.0.1:STMicroelectronics:RTOS:FreeRTOS:Core:::10.2.0:
2026-02-21 12:11:44,272 [WARN] ModelIntegratedComponent:63 - No mode defined for component null
2026-02-21 12:11:44,272 [WARN] ModelIntegratedComponent:63 - No mode defined for component null
2026-02-21 12:11:44,272 [WARN] ModelIntegratedComponent:63 - No mode defined for component null
2026-02-21 12:11:44,273 [WARN] ModelIntegratedComponent:63 - No mode defined for component null
2026-02-21 12:11:44,273 [WARN] ModelIntegratedComponent:63 - No mode defined for component null
2026-02-21 12:11:44,273 [WARN] ModelIntegratedComponent:63 - No mode defined for component null
2026-02-21 12:11:44,273 [WARN] ModelIntegratedComponent:63 - No mode defined for component null
2026-02-21 12:11:44,273 [WARN] ModelIntegratedComponent:63 - No mode defined for component null
2026-02-21 12:11:44,273 [WARN] ModelIntegratedComponent:63 - No mode defined for component null
2026-02-21 12:11:44,273 [WARN] ModelIntegratedComponent:63 - No mode defined for component null
2026-02-21 12:11:44,273 [WARN] ModelIntegratedComponent:63 - No mode defined for component null
2026-02-21 12:11:44,273 [WARN] ModelIntegratedComponent:63 - No mode defined for component null
2026-02-21 12:11:44,274 [WARN] ModelIntegratedComponent:63 - No mode defined for component null
2026-02-21 12:11:44,274 [WARN] ModelIntegratedComponent:63 - No mode defined for component null
2026-02-21 12:11:44,274 [WARN] ModelIntegratedComponent:63 - No mode defined for component null
2026-02-21 12:11:44,274 [WARN] ModelIntegratedComponent:63 - No mode defined for component null
2026-02-21 12:11:44,274 [WARN] ModelIntegratedComponent:63 - No mode defined for component null
2026-02-21 12:11:44,274 [WARN] ModelIntegratedComponent:63 - No mode defined for component null
2026-02-21 12:11:44,274 [WARN] ModelIntegratedComponent:63 - No mode defined for component null
2026-02-21 12:11:44,274 [WARN] ModelIntegratedComponent:63 - No mode defined for component null
2026-02-21 12:11:44,274 [WARN] ModelIntegratedComponent:63 - No mode defined for component null
2026-02-21 12:11:44,275 [WARN] ModelIntegratedComponent:63 - No mode defined for component null
2026-02-21 12:11:44,275 [WARN] ModelIntegratedComponent:63 - No mode defined for component null
2026-02-21 12:11:44,275 [WARN] ModelIntegratedComponent:63 - No mode defined for component null
2026-02-21 12:11:44,275 [WARN] ModelIntegratedComponent:63 - No mode defined for component null
2026-02-21 12:11:44,275 [WARN] ModelIntegratedComponent:63 - No mode defined for component null
2026-02-21 12:11:44,275 [WARN] ModelIntegratedComponent:63 - No mode defined for component null
2026-02-21 12:11:44,275 [WARN] ModelIntegratedComponent:63 - No mode defined for component null
2026-02-21 12:11:44,275 [WARN] ModelIntegratedComponent:63 - No mode defined for component null
2026-02-21 12:11:44,275 [WARN] ModelIntegratedComponent:63 - No mode defined for component null
2026-02-21 12:11:44,275 [WARN] ModelIntegratedComponent:63 - No mode defined for component null
2026-02-21 12:11:44,275 [WARN] ModelIntegratedComponent:63 - No mode defined for component null
2026-02-21 12:11:44,275 [WARN] ModelIntegratedComponent:63 - No mode defined for component null
2026-02-21 12:11:44,275 [WARN] ModelIntegratedComponent:63 - No mode defined for component null
2026-02-21 12:11:44,275 [WARN] ModelIntegratedComponent:63 - No mode defined for component null
2026-02-21 12:11:44,275 [WARN] ModelPack:524 - Component already loaded: STMicroelectronics:HAL Drivers:0.0.0:STMicroelectronics:Device:STMicro_Driver:XSPI:HAL::0.0.1:HAL_XSPI
2026-02-21 12:11:44,615 [INFO] ThirdPartyModel:298 - Start build external matchings
2026-02-21 12:11:45,569 [INFO] ThirdPartyModel:316 - End build external matchings
2026-02-21 12:11:46,247 [INFO] ApiDb:581 - Connected to CubeFinder SQLite database (/Users/mahinnaveen/.stmcufinder/plugins/mcufinder/mcu/cube-finder-db.db)
2026-02-21 12:11:46,439 [INFO] ApiDb:668 - CubeFinder database Data Model version=2.1
2026-02-21 12:11:46,439 [INFO] ApiDb:669 - CubeFinder database Configuration version=3.0.39
2026-02-21 12:11:46,439 [INFO] ApiDb:670 - CubeFinder database generation date=2025-12-22 (1766407740)
2026-02-21 12:11:46,440 [INFO] ApiDb:671 - CubeFinder database FW Pack versions=[FP-ATR-ASTRA1_V2.0.0, FP-SNS-FLIGHT1_V5.1.0, FP-SNS-MOTENV1_V5.1.0, FP-SNS-MOTENVWB1_V1.4.0, FP-SNS-SMARTAG2_V1.2.0, FP-SNS-STBOX1_V2.1.0, STM32Cube_FW_C0_V1.4.0, STM32Cube_FW_F4_V1.28.3, STM32Cube_FW_F7_V1.17.4, STM32Cube_FW_G0_V1.6.2, STM32Cube_FW_G4_V1.6.1, STM32Cube_FW_H5_V1.5.1, STM32Cube_FW_H7RS_V1.3.0, STM32Cube_FW_H7_V1.12.1, STM32Cube_FW_L0_V1.12.2, STM32Cube_FW_L4_V1.18.1, STM32Cube_FW_L5_V1.6.0, STM32Cube_FW_N6_V1.3.0, STM32Cube_FW_U0_V1.3.0, STM32Cube_FW_U3_V1.2.1, STM32Cube_FW_U5_V1.8.0, STM32Cube_FW_WB0_V1.4.0, STM32Cube_FW_WBA_V1.8.0, STM32Cube_FW_WB_V1.24.0, STM32Cube_FW_WL3_V1.3.0, STM32Cube_FW_WL_V1.4.0, X-CUBE-ALGOBUILD_V1.4.0, X-CUBE-ALS_V1.0.2, X-CUBE-AZRTOS-F4_V1.1.0, X-CUBE-AZRTOS-F7_V1.1.0, X-CUBE-AZRTOS-G0_V1.1.0, X-CUBE-AZRTOS-G4_V2.0.0, X-CUBE-AZRTOS-H7RS_V1.1.0, X-CUBE-AZRTOS-H7_V3.4.0, X-CUBE-AZRTOS-L4_V2.0.0, X-CUBE-AZRTOS-L5_V2.0.0, X-CUBE-AZRTOS-WB_V2.0.0, X-CUBE-AZRTOS-WL_V2.0.0, X-CUBE-BLE1_V7.1.0, X-CUBE-BLE2_V3.3.0, X-CUBE-BLEMGR_V4.1.0, X-CUBE-EEPRMA1_V5.2.0, X-CUBE-FREERTOS_V1.3.1, X-CUBE-GNSS1_V6.0.0, X-CUBE-MEMS1_V12.0.0, X-CUBE-NFC4_V3.0.0, X-CUBE-NFC7_V2.0.0, X-CUBE-SFXS2LP1_V4.0.0, X-CUBE-ST67W61_V1.1.0, X-CUBE-SUBG2_V5.0.0, X-CUBE-TOF1_V3.4.3]
2026-02-21 12:11:46,647 [INFO] DbBoardsSqlite:226 - include board P-NUCLEO-WB55-NUCLEO as a kit item of type 'Nucleo-64'
2026-02-21 12:11:46,647 [INFO] DbBoardsSqlite:226 - include board P-NUCLEO-WB55-USBDONGLE as a kit item of type 'Nucleo USB Dongle'
2026-02-21 12:11:46,649 [INFO] DbBoardsSqlite:226 - include board STEVAL-IDP005V1 as a kit item of type 'Evaluation Board'
2026-02-21 12:11:46,650 [INFO] DbBoardsSqlite:226 - include board STEVAL-IDP005V2 as a kit item of type 'Evaluation Board'
2026-02-21 12:11:47,069 [INFO] ApiDb:240 - Found 880 in-development CPN: [B-G473E-ZEST1S, B-WB1M-WPAN1, B-WBA5M-WPAN, B-WL5M-SUBG1, NUCLEO-C031C6, NUCLEO-C051C8, NUCLEO-C071RB, NUCLEO-C092RC, NUCLEO-H503RB, NUCLEO-H533RE, NUCLEO-H563ZI, NUCLEO-H7S3L8, NUCLEO-N657X0-Q, NUCLEO-U031R8, NUCLEO-U083RC, NUCLEO-U385RG-Q, NUCLEO-U545RE-Q, NUCLEO-U5A5ZJ-Q, NUCLEO-WB05KZ, NUCLEO-WB07CC, NUCLEO-WB09KE, NUCLEO-WBA52CG, NUCLEO-WBA55CG, NUCLEO-WL33CC1, NUCLEO-WL33CC2, STEVAL-PROTEUS1, STEVAL-SMARTAG2, STEVAL-STWINBX1, STM320518-EVAL, STM32C0116-DK, STM32C011D6Y3TR, STM32C011D6Y6TR, STM32C011F4P3, STM32C011F4P6, STM32C011F4U3, STM32C011F4U6TR, STM32C011F6P3, STM32C011F6P6, STM32C011F6U3, STM32C011F6U6TR, STM32C011J4M3, STM32C011J4M6, STM32C011J6M3, STM32C011J6M6, STM32C0316-DK, STM32C031C4T3, STM32C031C4T6, STM32C031C4U3, STM32C031C4U6, STM32C031C6T3, STM32C031C6T6, STM32C031C6U3, STM32C031C6U6, STM32C031F4P3, STM32C031F4P6, STM32C031F6P3, STM32C031F6P6, STM32C031G4U3, STM32C031G4U6, STM32C031G6U3, STM32C031G6U6, STM32C031K4T3, STM32C031K4T6, STM32C031K4U3, STM32C031K4U6, STM32C031K6T3, STM32C031K6T6, STM32C031K6U3, STM32C031K6U6, STM32C051C6T6, STM32C051C6U6, STM32C051C8T6, STM32C051C8U6, STM32C051D8Y6TR, STM32C051F6P6, STM32C051F8P6, STM32C051G6U6, STM32C051G8U6, STM32C051K6T6, STM32C051K6U6, STM32C051K8T6, STM32C071C8T6, STM32C071C8T6N, STM32C071C8U6, STM32C071C8U6N, STM32C071CBT6, STM32C071CBT6N, STM32C071CBU6, STM32C071CBU6N, STM32C071F8P6, STM32C071F8P6N, STM32C071FBP6, STM32C071FBP6N, STM32C071FBY6TR, STM32C071G8U6, STM32C071G8U6N, STM32C071GBU6, STM32C071GBU6N, STM32C071K8T6, STM32C071K8T6N, STM32C071K8U6, STM32C071K8U6N, STM32C071KBT6, STM32C071KBT6N, STM32C071KBU6, STM32C071KBU6N, STM32C071R8T6, STM32C071R8T6N, STM32C071RBI6N, STM32C071RBT6, STM32C071RBT6N, STM32C091CBT6, STM32C091CBU6, STM32C091CCT6, STM32C091CCU6, STM32C091ECY6TR, STM32C091FBP6, STM32C091FCP6, STM32C091GBU6, STM32C091GCU6, STM32C091KBT6, STM32C091KBU6, STM32C091KCT6, STM32C091KCU6, STM32C091RBT6, STM32C091RCI6, STM32C091RCT6, STM32C092CBT6, STM32C092CBU6, STM32C092CCT6, STM32C092CCU6, STM32C092ECY6TR, STM32C092FBP6, STM32C092FCP6, STM32C092GBU6, STM32C092GCU6, STM32C092KBT6, STM32C092KBU6, STM32C092KCT6, STM32C092KCU6, STM32C092RBT6, STM32C092RCI6, STM32C092RCT6, STM32G071K8TXN, STM32G071K8UXN, STM32G081GBU6N, STM32G081KBT6N, STM32G081KBUXN, STM32G0B1CCT6N, STM32G0B1KCT6, STM32G0B1NEY6TR, STM32G0B1RCT6N, STM32G0C1CCT6, STM32G0C1CCT6N, STM32G0C1CCU6N, STM32G0C1CET6N, STM32G0C1CEU6N, STM32G0C1KCT6, STM32G0C1NEY6TR, STM32G0C1RCI6N, STM32G0C1RCT6N, STM32G0C1REI6N, STM32G0C1RET6N, STM32G0C1VCI6, STM32G0C1VEI6, STM32G411C6T3, STM32G411C6T6, STM32G411C6U3, STM32G411C6U6, STM32G411C8T3, STM32G411C8T6, STM32G411C8U3, STM32G411C8U6, STM32G411CBT3, STM32G411CBT6, STM32G411CBU3, STM32G411CBU6, STM32G411K6T3, STM32G411K6T6, STM32G411K6U3, STM32G411K6U6, STM32G411K8T3, STM32G411K8T6, STM32G411K8U3, STM32G411K8U6, STM32G411KBT3, STM32G411KBT6, STM32G411KBU3, STM32G411KBU6, STM32G411M6T3, STM32G411M6T6, STM32G411M8T3, STM32G411M8T6, STM32G411MBT3, STM32G411MBT6, STM32G411R6T3, STM32G411R6T6, STM32G411R8T3, STM32G411R8T6, STM32G411RBT3, STM32G411RBT6, STM32G414CBT3, STM32G414CBT6, STM32G414CBU3, STM32G414CBU6, STM32G414CCT3, STM32G414CCT6, STM32G414CCU3, STM32G414CCU6, STM32G414MBT3, STM32G414MBT6, STM32G414MCT3, STM32G414MCT6, STM32G414RBT3, STM32G414RBT6, STM32G414RCT3, STM32G414RCT6, STM32G414VBT3, STM32G414VBT6, STM32G414VCT3, STM32G414VCT6, STM32G431CBT3Z, STM32G431RBT3Z, STM32G471CCT6, STM32G471CCU6, STM32G471CET3, STM32G471CET6, STM32G471CEU3, STM32G471CEU6, STM32G471MCT6, STM32G471MET3, STM32G471MET6, STM32G471MEY6TR, STM32G471QCT6, STM32G471QET3, STM32G471RCT6, STM32G471RET3, STM32G471RET6, STM32G471VCH6, STM32G471VCI6, STM32G471VCT6, STM32G471VEH3, STM32G471VEH6, STM32G471VEI3, STM32G471VEI6, STM32G471VET3, STM32G471VET6, STM32G473QET3Z, STM32G473RET3Z, STM32G474CCT6, STM32G491RET3Z, STM32H503CBT6, STM32H503CBU6, STM32H503EBY6TR, STM32H503KBU6, STM32H503RBT6, STM32H523CCT6, STM32H523CCU6, STM32H523CET6, STM32H523CEU6, STM32H523HEY6TR, STM32H523RCT6, STM32H523RET6, STM32H523VCI6, STM32H523VCT6, STM32H523VEI6, STM32H523VET6, STM32H523ZCJ6, STM32H523ZCT6, STM32H523ZEJ6, STM32H523ZET6, STM32H533CET6, STM32H533CEU6, STM32H533HEY6TR, STM32H533RET6, STM32H533VEI6, STM32H533VET6, STM32H533ZEJ6, STM32H533ZET6, STM32H562AGI6, STM32H562AII6, STM32H562IGK6, STM32H562IGT6, STM32H562IIK6, STM32H562IIT6, STM32H562RGT6, STM32H562RGV6, STM32H562RIT6, STM32H562RIV6, STM32H562VGT6, STM32H562VIT6, STM32H562ZGT6, STM32H562ZIT6, STM32H563AGI6, STM32H563AII3Q, STM32H563AII6, STM32H563IGK6, STM32H563IGT6, STM32H563IIK3Q, STM32H563IIK6, STM32H563IIT3Q, STM32H563IIT6, STM32H563MIY3QTR, STM32H563RGT6, STM32H563RGV6, STM32H563RIT6, STM32H563RIV6, STM32H563VGT6, STM32H563VIT3Q, STM32H563VIT6, STM32H563ZGT6, STM32H563ZIT3Q, STM32H563ZIT6, STM32H573AII3Q, STM32H573AII6, STM32H573I-DK, STM32H573IIK3Q, STM32H573IIK6, STM32H573IIT3Q, STM32H573IIT6, STM32H573MIY3QTR, STM32H573RIT6, STM32H573RIV6, STM32H573VIT3Q, STM32H573VIT6, STM32H573ZIT3Q, STM32H573ZIT6, STM32H7R3A8I6, STM32H7R3I8K6, STM32H7R3I8T6, STM32H7R3L8H6, STM32H7R3L8H6H, STM32H7R3R8V6, STM32H7R3V8H6, STM32H7R3V8T6, STM32H7R3V8Y6TR, STM32H7R3Z8J6, STM32H7R3Z8T6, STM32H7R7A8I6, STM32H7R7I8K6, STM32H7R7I8T6, STM32H7R7L8H6, STM32H7R7L8H6H, STM32H7R7Z8J6, STM32H7S3A8I6, STM32H7S3I8K6, STM32H7S3I8T6, STM32H7S3L8H6, STM32H7S3L8H6H, STM32H7S3R8V6, STM32H7S3V8H6, STM32H7S3V8T6, STM32H7S3V8Y6TR, STM32H7S3Z8J6, STM32H7S3Z8T6, STM32H7S78-DK, STM32H7S7A8I6, STM32H7S7I8K6, STM32H7S7I8T6, STM32H7S7L8H6, STM32H7S7L8H6H, STM32H7S7Z8J6, STM32L4R5QGI6STR, STM32MP131AAE3, STM32MP131AAF3, STM32MP131AAG3, STM32MP131CAE3, STM32MP131CAF3, STM32MP131CAG3, STM32MP131DAE7, STM32MP131DAF7, STM32MP131DAG7, STM32MP131FAE7, STM32MP131FAF7, STM32MP131FAG7, STM32MP133AAE3, STM32MP133AAF3, STM32MP133AAG3, STM32MP133CAE3, STM32MP133CAF3, STM32MP133CAG3, STM32MP133DAE7, STM32MP133DAF7, STM32MP133DAG7, STM32MP133FAE7, STM32MP133FAF7, STM32MP133FAG7, STM32MP135AAE3, STM32MP135AAF3, STM32MP135AAG3, STM32MP135CAE3, STM32MP135CAF3, STM32MP135CAG3, STM32MP135DAE7, STM32MP135DAF7, STM32MP135DAG7, STM32MP135F-DK, STM32MP135FAE7, STM32MP135FAF7, STM32MP135FAF7T, STM32MP135FAF7U, STM32MP135FAG7, STM32MP211AAL3, STM32MP211AAM3, STM32MP211AAN3, STM32MP211AAO3, STM32MP211CAL3, STM32MP211CAM3, STM32MP211CAN3, STM32MP211CAO3, STM32MP211DAL3, STM32MP211DAM3, STM32MP211DAN3, STM32MP211DAO3, STM32MP211FAL3, STM32MP211FAM3, STM32MP211FAN3, STM32MP211FAO3, STM32MP213AAL3, STM32MP213AAM3, STM32MP213AAN3, STM32MP213AAO3, STM32MP213CAL3, STM32MP213CAM3, STM32MP213CAN3, STM32MP213CAO3, STM32MP213DAL3, STM32MP213DAM3, STM32MP213DAN3, STM32MP213DAO3, STM32MP213FAL3, STM32MP213FAM3, STM32MP213FAN3, STM32MP213FAO3, STM32MP215AAL3, STM32MP215AAM3, STM32MP215AAN3, STM32MP215AAO3, STM32MP215CAL3, STM32MP215CAM3, STM32MP215CAN3, STM32MP215CAO3, STM32MP215DAL3, STM32MP215DAM3, STM32MP215DAN3, STM32MP215DAO3, STM32MP215F-DK, STM32MP215FAL3, STM32MP215FAM3, STM32MP215FAN3, STM32MP215FAO3, STM32MP231AAJ3, STM32MP231AAK3, STM32MP231AAL3, STM32MP231CAJ3, STM32MP231CAK3, STM32MP231CAL3, STM32MP231DAJ3, STM32MP231DAK3, STM32MP231DAL3, STM32MP231FAJ3, STM32MP231FAK3, STM32MP231FAL3, STM32MP233AAJ3, STM32MP233AAK3, STM32MP233AAL3, STM32MP233CAJ3, STM32MP233CAK3, STM32MP233CAL3, STM32MP233DAJ3, STM32MP233DAK3, STM32MP233DAL3, STM32MP233FAJ3, STM32MP233FAK3, STM32MP233FAL3, STM32MP235AAJ3, STM32MP235AAK3, STM32MP235AAL3, STM32MP235CAJ3, STM32MP235CAK3, STM32MP235CAL3, STM32MP235DAJ3, STM32MP235DAK3, STM32MP235DAL3, STM32MP235FAJ3, STM32MP235FAK3, STM32MP235FAL3, STM32MP251AAI3, STM32MP251AAK3, STM32MP251AAL3, STM32MP251CAI3, STM32MP251CAK3, STM32MP251CAL3, STM32MP251DAI3, STM32MP251DAK3, STM32MP251DAL3, STM32MP251FAI3, STM32MP251FAK3, STM32MP251FAL3, STM32MP253AAI3, STM32MP253AAK3, STM32MP253AAL3, STM32MP253CAI3, STM32MP253CAK3, STM32MP253CAL3, STM32MP253DAI3, STM32MP253DAK3, STM32MP253DAL3, STM32MP253FAI3, STM32MP253FAK3, STM32MP253FAL3, STM32MP255AAI3, STM32MP255AAK3, STM32MP255AAL3, STM32MP255CAI3, STM32MP255CAK3, STM32MP255CAL3, STM32MP255DAI3, STM32MP255DAK3, STM32MP255DAL3, STM32MP255FAI3, STM32MP255FAK3, STM32MP255FAL3, STM32MP257AAI3, STM32MP257AAK3, STM32MP257AAL3, STM32MP257CAI3, STM32MP257CAK3, STM32MP257CAL3, STM32MP257DAI3, STM32MP257DAK3, STM32MP257DAL3, STM32MP257F-DK, STM32MP257F-EV1, STM32MP257FAI3, STM32MP257FAK3, STM32MP257FAL3, STM32N645A0H3Q, STM32N645B0H3Q, STM32N645I0H3Q, STM32N645L0H3Q, STM32N645X0H3Q, STM32N645Z0H3Q, STM32N647A0H3Q, STM32N647B0H3Q, STM32N647I0H3Q, STM32N647L0H3Q, STM32N647X0H3Q, STM32N647Z0H3Q, STM32N655A0H3Q, STM32N655B0H3Q, STM32N655I0H3Q, STM32N655L0H3Q, STM32N655X0H3Q, STM32N655Z0H3Q, STM32N6570-DK, STM32N657A0H3Q, STM32N657B0H3Q, STM32N657I0H3Q, STM32N657L0H3Q, STM32N657X0H3Q, STM32N657Z0H3Q, STM32U031C6T6, STM32U031C6U6, STM32U031C8T6, STM32U031C8U6, STM32U031F4P6, STM32U031F6P6, STM32U031F8P6, STM32U031G6Y6TR, STM32U031G8Y6TR, STM32U031K4U6, STM32U031K6U6, STM32U031K8U6, STM32U031R6I6, STM32U031R6T6, STM32U031R8I6, STM32U031R8T6, STM32U073C8T6, STM32U073C8U6, STM32U073CBT6, STM32U073CBU6, STM32U073CCT6, STM32U073CCU6, STM32U073H8Y6TR, STM32U073HBY6TR, STM32U073HCY6TR, STM32U073K8U6, STM32U073KBU6, STM32U073KCU6, STM32U073M8I6, STM32U073M8T6, STM32U073MBI6, STM32U073MBT6, STM32U073MCI6, STM32U073MCT6, STM32U073R8I6, STM32U073R8T6, STM32U073RBI6, STM32U073RBT6, STM32U073RCI6, STM32U073RCT6, STM32U083C-DK, STM32U083CCT6, STM32U083CCU6, STM32U083HCY6TR, STM32U083KCU6, STM32U083MCI6, STM32U083MCT6, STM32U083RCI6, STM32U083RCT6, STM32U375CET6, STM32U375CET6Q, STM32U375CEU6, STM32U375CEU6Q, STM32U375CEY6QTR, STM32U375CGT6, STM32U375CGT6Q, STM32U375CGU6, STM32U375CGU6Q, STM32U375CGY6QTR, STM32U375KEU6, STM32U375KGU6, STM32U375REI6, STM32U375REI6Q, STM32U375RET6, STM32U375RET6Q, STM32U375REY6GTR, STM32U375REY6QTR, STM32U375RGI6, STM32U375RGI6Q, STM32U375RGT6, STM32U375RGT6Q, STM32U375RGY6GTR, STM32U375RGY6QTR, STM32U375VEI6, STM32U375VEI6Q, STM32U375VET6, STM32U375VET6Q, STM32U375VGI6, STM32U375VGI6Q, STM32U375VGT6, STM32U375VGT6Q, STM32U385CGT6, STM32U385CGT6Q, STM32U385CGU6, STM32U385CGU6Q, STM32U385CGY6QTR, STM32U385KGU6, STM32U385RGI6, STM32U385RGI6Q, STM32U385RGT6, STM32U385RGT6Q, STM32U385RGY6GTR, STM32U385RGY6QTR, STM32U385VGI6, STM32U385VGI6Q, STM32U385VGT6, STM32U385VGT6Q, STM32U535CBT6, STM32U535CBT6Q, STM32U535CBU6, STM32U535CBU6Q, STM32U535CCT6, STM32U535CCT6Q, STM32U535CCU6, STM32U535CCU6Q, STM32U535CET6, STM32U535CET6Q, STM32U535CEU6, STM32U535CEU6Q, STM32U535JEY6QTR, STM32U535NCY6QTR, STM32U535NEY6QTR, STM32U535RBI6, STM32U535RBI6Q, STM32U535RBT6, STM32U535RBT6Q, STM32U535RCI6, STM32U535RCI6Q, STM32U535RCT6, STM32U535RCT6Q, STM32U535REI6, STM32U535REI6Q, STM32U535RET6, STM32U535RET6Q, STM32U535VCI6, STM32U535VCI6Q, STM32U535VCT6, STM32U535VCT6Q, STM32U535VEI6, STM32U535VEI6Q, STM32U535VET6, STM32U535VET6Q, STM32U545CET6, STM32U545CET6Q, STM32U545CEU6, STM32U545CEU6Q, STM32U545JEY6QTR, STM32U545NEY6QTR, STM32U545REI6, STM32U545REI6Q, STM32U545RET6, STM32U545RET6Q, STM32U545VEI6, STM32U545VEI6Q, STM32U545VET6, STM32U545VET6Q, STM32U595AIH6, STM32U595AIH6Q, STM32U595AJH6, STM32U595AJH6Q, STM32U595QII6, STM32U595QII6Q, STM32U595QJI6, STM32U595QJI6Q, STM32U595RIT6, STM32U595RIT6Q, STM32U595RJT6, STM32U595RJT6Q, STM32U595VIT6, STM32U595VIT6Q, STM32U595VJT6, STM32U595VJT6Q, STM32U595ZIT6, STM32U595ZIT6Q, STM32U595ZIY6QTR, STM32U595ZJT6, STM32U595ZJT6Q, STM32U595ZJY6QTR, STM32U599BJY6QTR, STM32U599NIH6Q, STM32U599NJH6Q, STM32U599VIT6Q, STM32U599VJT6, STM32U599VJT6Q, STM32U599ZIT6Q, STM32U599ZIY6QTR, STM32U599ZJT6Q, STM32U599ZJY6QTR, STM32U5A5AJH6, STM32U5A5AJH6Q, STM32U5A5QII3Q , STM32U5A5QJI6, STM32U5A5QJI6Q, STM32U5A5RJT6, STM32U5A5RJT6Q, STM32U5A5VJT6, STM32U5A5VJT6Q, STM32U5A5ZJT6, STM32U5A5ZJT6Q, STM32U5A5ZJY6QTR, STM32U5A9BJY6QTR, STM32U5A9J-DK, STM32U5A9NJH6Q, STM32U5A9VJT6Q, STM32U5A9ZJT6Q, STM32U5A9ZJY6QTR, STM32U5F7VIT6, STM32U5F7VIT6Q, STM32U5F7VJT6, STM32U5F7VJT6Q, STM32U5F9BJY6QTR, STM32U5F9NJH6Q, STM32U5F9VIT6Q, STM32U5F9VJT6Q, STM32U5F9ZIJ6QTR, STM32U5F9ZIT6Q, STM32U5F9ZJJ6QTR, STM32U5F9ZJT6Q, STM32U5G7VJT6, STM32U5G7VJT6Q, STM32U5G9BJY6QTR, STM32U5G9J-DK1, STM32U5G9J-DK2, STM32U5G9NJH6Q, STM32U5G9VJT6Q, STM32U5G9ZJJ6QTR, STM32U5G9ZJT6Q, STM32WB05KZV6TR, STM32WB05KZV7TR, STM32WB05TZF6TR, STM32WB05TZF7TR, STM32WB06CCF6TR, STM32WB06CCF7TR, STM32WB06CCV6TR, STM32WB06CCV7TR, STM32WB06KCV6TR, STM32WB06KCV7TR, STM32WB07CCF6TR, STM32WB07CCF7TR, STM32WB07CCV6TR, STM32WB07CCV7TR, STM32WB07KCV6TR, STM32WB07KCV7TR, STM32WB09KEV6TR, STM32WB09KEV7TR, STM32WB09TEF6TR, STM32WB09TEF7TR, STM32WB1MMCH6, STM32WBA50KGU6, STM32WBA50KGU6TR, STM32WBA52CEU6, STM32WBA52CEU6TR, STM32WBA52CEU7, STM32WBA52CEU7TR, STM32WBA52CGU6, STM32WBA52CGU6TR, STM32WBA52CGU6U, STM32WBA52CGU7, STM32WBA52CGU7TR, STM32WBA52KEU6, STM32WBA52KEU6TR, STM32WBA52KGU6, STM32WBA52KGU6TR, STM32WBA54CEU6, STM32WBA54CEU6TR, STM32WBA54CEU7, STM32WBA54CEU7TR, STM32WBA54CGU6, STM32WBA54CGU6TR, STM32WBA54CGU7, STM32WBA54CGU7TR, STM32WBA54KEU6, STM32WBA54KEU6TR, STM32WBA54KEU7, STM32WBA54KEU7TR, STM32WBA54KGU6, STM32WBA54KGU6TR, STM32WBA54KGU7, STM32WBA54KGU7TR, STM32WBA55CEU6, STM32WBA55CEU6TR, STM32WBA55CEU7, STM32WBA55CEU7TR, STM32WBA55CGU6, STM32WBA55CGU6TR, STM32WBA55CGU6U, STM32WBA55CGU7, STM32WBA55CGU7TR, STM32WBA55G-DK1, STM32WBA55HEF6, STM32WBA55HEF7, STM32WBA55HGF6, STM32WBA55HGF7, STM32WBA55UEI6, STM32WBA55UEI6TR, STM32WBA55UEI7, STM32WBA55UEI7TR, STM32WBA55UGI6, STM32WBA55UGI6TR, STM32WBA55UGI7, STM32WBA55UGI7TR, STM32WBA5MMGH6TR, STM32WBA62MGF6, STM32WBA62MIF6, STM32WBA65MGF7, STM32WBA65MIF6, STM32WBA65MIF7, STM32WL30K8V6, STM32WL30KBV6, STM32WL31C8V6, STM32WL31CBV6, STM32WL31K8V6, STM32WL31KBV6, STM32WL33C8V6, STM32WL33C8V6X, STM32WL33CBV6, STM32WL33CBV6X, STM32WL33CCV6, STM32WL33CCV6A, STM32WL33CCV6X, STM32WL33K8V7, STM32WL33K8V7X, STM32WL33KBV7 , STM32WL33KBV7X, STM32WL33KCV7, STM32WL33KCV7X, STM32WL5MOCH6, STM32WL5MOCH6TR]
2026-02-21 12:11:47,073 [INFO] ApiDb:668 - CubeFinder database Data Model version=2.1
2026-02-21 12:11:47,073 [INFO] ApiDb:669 - CubeFinder database Configuration version=3.0.39
2026-02-21 12:11:47,073 [INFO] ApiDb:670 - CubeFinder database generation date=2025-12-22 (1766407740)
2026-02-21 12:11:47,073 [INFO] ApiDb:671 - CubeFinder database FW Pack versions=[FP-ATR-ASTRA1_V2.0.0, FP-SNS-FLIGHT1_V5.1.0, FP-SNS-MOTENV1_V5.1.0, FP-SNS-MOTENVWB1_V1.4.0, FP-SNS-SMARTAG2_V1.2.0, FP-SNS-STBOX1_V2.1.0, STM32Cube_FW_C0_V1.4.0, STM32Cube_FW_F4_V1.28.3, STM32Cube_FW_F7_V1.17.4, STM32Cube_FW_G0_V1.6.2, STM32Cube_FW_G4_V1.6.1, STM32Cube_FW_H5_V1.5.1, STM32Cube_FW_H7RS_V1.3.0, STM32Cube_FW_H7_V1.12.1, STM32Cube_FW_L0_V1.12.2, STM32Cube_FW_L4_V1.18.1, STM32Cube_FW_L5_V1.6.0, STM32Cube_FW_N6_V1.3.0, STM32Cube_FW_U0_V1.3.0, STM32Cube_FW_U3_V1.2.1, STM32Cube_FW_U5_V1.8.0, STM32Cube_FW_WB0_V1.4.0, STM32Cube_FW_WBA_V1.8.0, STM32Cube_FW_WB_V1.24.0, STM32Cube_FW_WL3_V1.3.0, STM32Cube_FW_WL_V1.4.0, X-CUBE-ALGOBUILD_V1.4.0, X-CUBE-ALS_V1.0.2, X-CUBE-AZRTOS-F4_V1.1.0, X-CUBE-AZRTOS-F7_V1.1.0, X-CUBE-AZRTOS-G0_V1.1.0, X-CUBE-AZRTOS-G4_V2.0.0, X-CUBE-AZRTOS-H7RS_V1.1.0, X-CUBE-AZRTOS-H7_V3.4.0, X-CUBE-AZRTOS-L4_V2.0.0, X-CUBE-AZRTOS-L5_V2.0.0, X-CUBE-AZRTOS-WB_V2.0.0, X-CUBE-AZRTOS-WL_V2.0.0, X-CUBE-BLE1_V7.1.0, X-CUBE-BLE2_V3.3.0, X-CUBE-BLEMGR_V4.1.0, X-CUBE-EEPRMA1_V5.2.0, X-CUBE-FREERTOS_V1.3.1, X-CUBE-GNSS1_V6.0.0, X-CUBE-MEMS1_V12.0.0, X-CUBE-NFC4_V3.0.0, X-CUBE-NFC7_V2.0.0, X-CUBE-SFXS2LP1_V4.0.0, X-CUBE-ST67W61_V1.1.0, X-CUBE-SUBG2_V5.0.0, X-CUBE-TOF1_V3.4.3]
2026-02-21 12:11:49,147 [INFO] ApiDb:240 - Found 880 in-development CPN: [B-G473E-ZEST1S, B-WB1M-WPAN1, B-WBA5M-WPAN, B-WL5M-SUBG1, NUCLEO-C031C6, NUCLEO-C051C8, NUCLEO-C071RB, NUCLEO-C092RC, NUCLEO-H503RB, NUCLEO-H533RE, NUCLEO-H563ZI, NUCLEO-H7S3L8, NUCLEO-N657X0-Q, NUCLEO-U031R8, NUCLEO-U083RC, NUCLEO-U385RG-Q, NUCLEO-U545RE-Q, NUCLEO-U5A5ZJ-Q, NUCLEO-WB05KZ, NUCLEO-WB07CC, NUCLEO-WB09KE, NUCLEO-WBA52CG, NUCLEO-WBA55CG, NUCLEO-WL33CC1, NUCLEO-WL33CC2, STEVAL-PROTEUS1, STEVAL-SMARTAG2, STEVAL-STWINBX1, STM320518-EVAL, STM32C0116-DK, STM32C011D6Y3TR, STM32C011D6Y6TR, STM32C011F4P3, STM32C011F4P6, STM32C011F4U3, STM32C011F4U6TR, STM32C011F6P3, STM32C011F6P6, STM32C011F6U3, STM32C011F6U6TR, STM32C011J4M3, STM32C011J4M6, STM32C011J6M3, STM32C011J6M6, STM32C0316-DK, STM32C031C4T3, STM32C031C4T6, STM32C031C4U3, STM32C031C4U6, STM32C031C6T3, STM32C031C6T6, STM32C031C6U3, STM32C031C6U6, STM32C031F4P3, STM32C031F4P6, STM32C031F6P3, STM32C031F6P6, STM32C031G4U3, STM32C031G4U6, STM32C031G6U3, STM32C031G6U6, STM32C031K4T3, STM32C031K4T6, STM32C031K4U3, STM32C031K4U6, STM32C031K6T3, STM32C031K6T6, STM32C031K6U3, STM32C031K6U6, STM32C051C6T6, STM32C051C6U6, STM32C051C8T6, STM32C051C8U6, STM32C051D8Y6TR, STM32C051F6P6, STM32C051F8P6, STM32C051G6U6, STM32C051G8U6, STM32C051K6T6, STM32C051K6U6, STM32C051K8T6, STM32C071C8T6, STM32C071C8T6N, STM32C071C8U6, STM32C071C8U6N, STM32C071CBT6, STM32C071CBT6N, STM32C071CBU6, STM32C071CBU6N, STM32C071F8P6, STM32C071F8P6N, STM32C071FBP6, STM32C071FBP6N, STM32C071FBY6TR, STM32C071G8U6, STM32C071G8U6N, STM32C071GBU6, STM32C071GBU6N, STM32C071K8T6, STM32C071K8T6N, STM32C071K8U6, STM32C071K8U6N, STM32C071KBT6, STM32C071KBT6N, STM32C071KBU6, STM32C071KBU6N, STM32C071R8T6, STM32C071R8T6N, STM32C071RBI6N, STM32C071RBT6, STM32C071RBT6N, STM32C091CBT6, STM32C091CBU6, STM32C091CCT6, STM32C091CCU6, STM32C091ECY6TR, STM32C091FBP6, STM32C091FCP6, STM32C091GBU6, STM32C091GCU6, STM32C091KBT6, STM32C091KBU6, STM32C091KCT6, STM32C091KCU6, STM32C091RBT6, STM32C091RCI6, STM32C091RCT6, STM32C092CBT6, STM32C092CBU6, STM32C092CCT6, STM32C092CCU6, STM32C092ECY6TR, STM32C092FBP6, STM32C092FCP6, STM32C092GBU6, STM32C092GCU6, STM32C092KBT6, STM32C092KBU6, STM32C092KCT6, STM32C092KCU6, STM32C092RBT6, STM32C092RCI6, STM32C092RCT6, STM32G071K8TXN, STM32G071K8UXN, STM32G081GBU6N, STM32G081KBT6N, STM32G081KBUXN, STM32G0B1CCT6N, STM32G0B1KCT6, STM32G0B1NEY6TR, STM32G0B1RCT6N, STM32G0C1CCT6, STM32G0C1CCT6N, STM32G0C1CCU6N, STM32G0C1CET6N, STM32G0C1CEU6N, STM32G0C1KCT6, STM32G0C1NEY6TR, STM32G0C1RCI6N, STM32G0C1RCT6N, STM32G0C1REI6N, STM32G0C1RET6N, STM32G0C1VCI6, STM32G0C1VEI6, STM32G411C6T3, STM32G411C6T6, STM32G411C6U3, STM32G411C6U6, STM32G411C8T3, STM32G411C8T6, STM32G411C8U3, STM32G411C8U6, STM32G411CBT3, STM32G411CBT6, STM32G411CBU3, STM32G411CBU6, STM32G411K6T3, STM32G411K6T6, STM32G411K6U3, STM32G411K6U6, STM32G411K8T3, STM32G411K8T6, STM32G411K8U3, STM32G411K8U6, STM32G411KBT3, STM32G411KBT6, STM32G411KBU3, STM32G411KBU6, STM32G411M6T3, STM32G411M6T6, STM32G411M8T3, STM32G411M8T6, STM32G411MBT3, STM32G411MBT6, STM32G411R6T3, STM32G411R6T6, STM32G411R8T3, STM32G411R8T6, STM32G411RBT3, STM32G411RBT6, STM32G414CBT3, STM32G414CBT6, STM32G414CBU3, STM32G414CBU6, STM32G414CCT3, STM32G414CCT6, STM32G414CCU3, STM32G414CCU6, STM32G414MBT3, STM32G414MBT6, STM32G414MCT3, STM32G414MCT6, STM32G414RBT3, STM32G414RBT6, STM32G414RCT3, STM32G414RCT6, STM32G414VBT3, STM32G414VBT6, STM32G414VCT3, STM32G414VCT6, STM32G431CBT3Z, STM32G431RBT3Z, STM32G471CCT6, STM32G471CCU6, STM32G471CET3, STM32G471CET6, STM32G471CEU3, STM32G471CEU6, STM32G471MCT6, STM32G471MET3, STM32G471MET6, STM32G471MEY6TR, STM32G471QCT6, STM32G471QET3, STM32G471RCT6, STM32G471RET3, STM32G471RET6, STM32G471VCH6, STM32G471VCI6, STM32G471VCT6, STM32G471VEH3, STM32G471VEH6, STM32G471VEI3, STM32G471VEI6, STM32G471VET3, STM32G471VET6, STM32G473QET3Z, STM32G473RET3Z, STM32G474CCT6, STM32G491RET3Z, STM32H503CBT6, STM32H503CBU6, STM32H503EBY6TR, STM32H503KBU6, STM32H503RBT6, STM32H523CCT6, STM32H523CCU6, STM32H523CET6, STM32H523CEU6, STM32H523HEY6TR, STM32H523RCT6, STM32H523RET6, STM32H523VCI6, STM32H523VCT6, STM32H523VEI6, STM32H523VET6, STM32H523ZCJ6, STM32H523ZCT6, STM32H523ZEJ6, STM32H523ZET6, STM32H533CET6, STM32H533CEU6, STM32H533HEY6TR, STM32H533RET6, STM32H533VEI6, STM32H533VET6, STM32H533ZEJ6, STM32H533ZET6, STM32H562AGI6, STM32H562AII6, STM32H562IGK6, STM32H562IGT6, STM32H562IIK6, STM32H562IIT6, STM32H562RGT6, STM32H562RGV6, STM32H562RIT6, STM32H562RIV6, STM32H562VGT6, STM32H562VIT6, STM32H562ZGT6, STM32H562ZIT6, STM32H563AGI6, STM32H563AII3Q, STM32H563AII6, STM32H563IGK6, STM32H563IGT6, STM32H563IIK3Q, STM32H563IIK6, STM32H563IIT3Q, STM32H563IIT6, STM32H563MIY3QTR, STM32H563RGT6, STM32H563RGV6, STM32H563RIT6, STM32H563RIV6, STM32H563VGT6, STM32H563VIT3Q, STM32H563VIT6, STM32H563ZGT6, STM32H563ZIT3Q, STM32H563ZIT6, STM32H573AII3Q, STM32H573AII6, STM32H573I-DK, STM32H573IIK3Q, STM32H573IIK6, STM32H573IIT3Q, STM32H573IIT6, STM32H573MIY3QTR, STM32H573RIT6, STM32H573RIV6, STM32H573VIT3Q, STM32H573VIT6, STM32H573ZIT3Q, STM32H573ZIT6, STM32H7R3A8I6, STM32H7R3I8K6, STM32H7R3I8T6, STM32H7R3L8H6, STM32H7R3L8H6H, STM32H7R3R8V6, STM32H7R3V8H6, STM32H7R3V8T6, STM32H7R3V8Y6TR, STM32H7R3Z8J6, STM32H7R3Z8T6, STM32H7R7A8I6, STM32H7R7I8K6, STM32H7R7I8T6, STM32H7R7L8H6, STM32H7R7L8H6H, STM32H7R7Z8J6, STM32H7S3A8I6, STM32H7S3I8K6, STM32H7S3I8T6, STM32H7S3L8H6, STM32H7S3L8H6H, STM32H7S3R8V6, STM32H7S3V8H6, STM32H7S3V8T6, STM32H7S3V8Y6TR, STM32H7S3Z8J6, STM32H7S3Z8T6, STM32H7S78-DK, STM32H7S7A8I6, STM32H7S7I8K6, STM32H7S7I8T6, STM32H7S7L8H6, STM32H7S7L8H6H, STM32H7S7Z8J6, STM32L4R5QGI6STR, STM32MP131AAE3, STM32MP131AAF3, STM32MP131AAG3, STM32MP131CAE3, STM32MP131CAF3, STM32MP131CAG3, STM32MP131DAE7, STM32MP131DAF7, STM32MP131DAG7, STM32MP131FAE7, STM32MP131FAF7, STM32MP131FAG7, STM32MP133AAE3, STM32MP133AAF3, STM32MP133AAG3, STM32MP133CAE3, STM32MP133CAF3, STM32MP133CAG3, STM32MP133DAE7, STM32MP133DAF7, STM32MP133DAG7, STM32MP133FAE7, STM32MP133FAF7, STM32MP133FAG7, STM32MP135AAE3, STM32MP135AAF3, STM32MP135AAG3, STM32MP135CAE3, STM32MP135CAF3, STM32MP135CAG3, STM32MP135DAE7, STM32MP135DAF7, STM32MP135DAG7, STM32MP135F-DK, STM32MP135FAE7, STM32MP135FAF7, STM32MP135FAF7T, STM32MP135FAF7U, STM32MP135FAG7, STM32MP211AAL3, STM32MP211AAM3, STM32MP211AAN3, STM32MP211AAO3, STM32MP211CAL3, STM32MP211CAM3, STM32MP211CAN3, STM32MP211CAO3, STM32MP211DAL3, STM32MP211DAM3, STM32MP211DAN3, STM32MP211DAO3, STM32MP211FAL3, STM32MP211FAM3, STM32MP211FAN3, STM32MP211FAO3, STM32MP213AAL3, STM32MP213AAM3, STM32MP213AAN3, STM32MP213AAO3, STM32MP213CAL3, STM32MP213CAM3, STM32MP213CAN3, STM32MP213CAO3, STM32MP213DAL3, STM32MP213DAM3, STM32MP213DAN3, STM32MP213DAO3, STM32MP213FAL3, STM32MP213FAM3, STM32MP213FAN3, STM32MP213FAO3, STM32MP215AAL3, STM32MP215AAM3, STM32MP215AAN3, STM32MP215AAO3, STM32MP215CAL3, STM32MP215CAM3, STM32MP215CAN3, STM32MP215CAO3, STM32MP215DAL3, STM32MP215DAM3, STM32MP215DAN3, STM32MP215DAO3, STM32MP215F-DK, STM32MP215FAL3, STM32MP215FAM3, STM32MP215FAN3, STM32MP215FAO3, STM32MP231AAJ3, STM32MP231AAK3, STM32MP231AAL3, STM32MP231CAJ3, STM32MP231CAK3, STM32MP231CAL3, STM32MP231DAJ3, STM32MP231DAK3, STM32MP231DAL3, STM32MP231FAJ3, STM32MP231FAK3, STM32MP231FAL3, STM32MP233AAJ3, STM32MP233AAK3, STM32MP233AAL3, STM32MP233CAJ3, STM32MP233CAK3, STM32MP233CAL3, STM32MP233DAJ3, STM32MP233DAK3, STM32MP233DAL3, STM32MP233FAJ3, STM32MP233FAK3, STM32MP233FAL3, STM32MP235AAJ3, STM32MP235AAK3, STM32MP235AAL3, STM32MP235CAJ3, STM32MP235CAK3, STM32MP235CAL3, STM32MP235DAJ3, STM32MP235DAK3, STM32MP235DAL3, STM32MP235FAJ3, STM32MP235FAK3, STM32MP235FAL3, STM32MP251AAI3, STM32MP251AAK3, STM32MP251AAL3, STM32MP251CAI3, STM32MP251CAK3, STM32MP251CAL3, STM32MP251DAI3, STM32MP251DAK3, STM32MP251DAL3, STM32MP251FAI3, STM32MP251FAK3, STM32MP251FAL3, STM32MP253AAI3, STM32MP253AAK3, STM32MP253AAL3, STM32MP253CAI3, STM32MP253CAK3, STM32MP253CAL3, STM32MP253DAI3, STM32MP253DAK3, STM32MP253DAL3, STM32MP253FAI3, STM32MP253FAK3, STM32MP253FAL3, STM32MP255AAI3, STM32MP255AAK3, STM32MP255AAL3, STM32MP255CAI3, STM32MP255CAK3, STM32MP255CAL3, STM32MP255DAI3, STM32MP255DAK3, STM32MP255DAL3, STM32MP255FAI3, STM32MP255FAK3, STM32MP255FAL3, STM32MP257AAI3, STM32MP257AAK3, STM32MP257AAL3, STM32MP257CAI3, STM32MP257CAK3, STM32MP257CAL3, STM32MP257DAI3, STM32MP257DAK3, STM32MP257DAL3, STM32MP257F-DK, STM32MP257F-EV1, STM32MP257FAI3, STM32MP257FAK3, STM32MP257FAL3, STM32N645A0H3Q, STM32N645B0H3Q, STM32N645I0H3Q, STM32N645L0H3Q, STM32N645X0H3Q, STM32N645Z0H3Q, STM32N647A0H3Q, STM32N647B0H3Q, STM32N647I0H3Q, STM32N647L0H3Q, STM32N647X0H3Q, STM32N647Z0H3Q, STM32N655A0H3Q, STM32N655B0H3Q, STM32N655I0H3Q, STM32N655L0H3Q, STM32N655X0H3Q, STM32N655Z0H3Q, STM32N6570-DK, STM32N657A0H3Q, STM32N657B0H3Q, STM32N657I0H3Q, STM32N657L0H3Q, STM32N657X0H3Q, STM32N657Z0H3Q, STM32U031C6T6, STM32U031C6U6, STM32U031C8T6, STM32U031C8U6, STM32U031F4P6, STM32U031F6P6, STM32U031F8P6, STM32U031G6Y6TR, STM32U031G8Y6TR, STM32U031K4U6, STM32U031K6U6, STM32U031K8U6, STM32U031R6I6, STM32U031R6T6, STM32U031R8I6, STM32U031R8T6, STM32U073C8T6, STM32U073C8U6, STM32U073CBT6, STM32U073CBU6, STM32U073CCT6, STM32U073CCU6, STM32U073H8Y6TR, STM32U073HBY6TR, STM32U073HCY6TR, STM32U073K8U6, STM32U073KBU6, STM32U073KCU6, STM32U073M8I6, STM32U073M8T6, STM32U073MBI6, STM32U073MBT6, STM32U073MCI6, STM32U073MCT6, STM32U073R8I6, STM32U073R8T6, STM32U073RBI6, STM32U073RBT6, STM32U073RCI6, STM32U073RCT6, STM32U083C-DK, STM32U083CCT6, STM32U083CCU6, STM32U083HCY6TR, STM32U083KCU6, STM32U083MCI6, STM32U083MCT6, STM32U083RCI6, STM32U083RCT6, STM32U375CET6, STM32U375CET6Q, STM32U375CEU6, STM32U375CEU6Q, STM32U375CEY6QTR, STM32U375CGT6, STM32U375CGT6Q, STM32U375CGU6, STM32U375CGU6Q, STM32U375CGY6QTR, STM32U375KEU6, STM32U375KGU6, STM32U375REI6, STM32U375REI6Q, STM32U375RET6, STM32U375RET6Q, STM32U375REY6GTR, STM32U375REY6QTR, STM32U375RGI6, STM32U375RGI6Q, STM32U375RGT6, STM32U375RGT6Q, STM32U375RGY6GTR, STM32U375RGY6QTR, STM32U375VEI6, STM32U375VEI6Q, STM32U375VET6, STM32U375VET6Q, STM32U375VGI6, STM32U375VGI6Q, STM32U375VGT6, STM32U375VGT6Q, STM32U385CGT6, STM32U385CGT6Q, STM32U385CGU6, STM32U385CGU6Q, STM32U385CGY6QTR, STM32U385KGU6, STM32U385RGI6, STM32U385RGI6Q, STM32U385RGT6, STM32U385RGT6Q, STM32U385RGY6GTR, STM32U385RGY6QTR, STM32U385VGI6, STM32U385VGI6Q, STM32U385VGT6, STM32U385VGT6Q, STM32U535CBT6, STM32U535CBT6Q, STM32U535CBU6, STM32U535CBU6Q, STM32U535CCT6, STM32U535CCT6Q, STM32U535CCU6, STM32U535CCU6Q, STM32U535CET6, STM32U535CET6Q, STM32U535CEU6, STM32U535CEU6Q, STM32U535JEY6QTR, STM32U535NCY6QTR, STM32U535NEY6QTR, STM32U535RBI6, STM32U535RBI6Q, STM32U535RBT6, STM32U535RBT6Q, STM32U535RCI6, STM32U535RCI6Q, STM32U535RCT6, STM32U535RCT6Q, STM32U535REI6, STM32U535REI6Q, STM32U535RET6, STM32U535RET6Q, STM32U535VCI6, STM32U535VCI6Q, STM32U535VCT6, STM32U535VCT6Q, STM32U535VEI6, STM32U535VEI6Q, STM32U535VET6, STM32U535VET6Q, STM32U545CET6, STM32U545CET6Q, STM32U545CEU6, STM32U545CEU6Q, STM32U545JEY6QTR, STM32U545NEY6QTR, STM32U545REI6, STM32U545REI6Q, STM32U545RET6, STM32U545RET6Q, STM32U545VEI6, STM32U545VEI6Q, STM32U545VET6, STM32U545VET6Q, STM32U595AIH6, STM32U595AIH6Q, STM32U595AJH6, STM32U595AJH6Q, STM32U595QII6, STM32U595QII6Q, STM32U595QJI6, STM32U595QJI6Q, STM32U595RIT6, STM32U595RIT6Q, STM32U595RJT6, STM32U595RJT6Q, STM32U595VIT6, STM32U595VIT6Q, STM32U595VJT6, STM32U595VJT6Q, STM32U595ZIT6, STM32U595ZIT6Q, STM32U595ZIY6QTR, STM32U595ZJT6, STM32U595ZJT6Q, STM32U595ZJY6QTR, STM32U599BJY6QTR, STM32U599NIH6Q, STM32U599NJH6Q, STM32U599VIT6Q, STM32U599VJT6, STM32U599VJT6Q, STM32U599ZIT6Q, STM32U599ZIY6QTR, STM32U599ZJT6Q, STM32U599ZJY6QTR, STM32U5A5AJH6, STM32U5A5AJH6Q, STM32U5A5QII3Q , STM32U5A5QJI6, STM32U5A5QJI6Q, STM32U5A5RJT6, STM32U5A5RJT6Q, STM32U5A5VJT6, STM32U5A5VJT6Q, STM32U5A5ZJT6, STM32U5A5ZJT6Q, STM32U5A5ZJY6QTR, STM32U5A9BJY6QTR, STM32U5A9J-DK, STM32U5A9NJH6Q, STM32U5A9VJT6Q, STM32U5A9ZJT6Q, STM32U5A9ZJY6QTR, STM32U5F7VIT6, STM32U5F7VIT6Q, STM32U5F7VJT6, STM32U5F7VJT6Q, STM32U5F9BJY6QTR, STM32U5F9NJH6Q, STM32U5F9VIT6Q, STM32U5F9VJT6Q, STM32U5F9ZIJ6QTR, STM32U5F9ZIT6Q, STM32U5F9ZJJ6QTR, STM32U5F9ZJT6Q, STM32U5G7VJT6, STM32U5G7VJT6Q, STM32U5G9BJY6QTR, STM32U5G9J-DK1, STM32U5G9J-DK2, STM32U5G9NJH6Q, STM32U5G9VJT6Q, STM32U5G9ZJJ6QTR, STM32U5G9ZJT6Q, STM32WB05KZV6TR, STM32WB05KZV7TR, STM32WB05TZF6TR, STM32WB05TZF7TR, STM32WB06CCF6TR, STM32WB06CCF7TR, STM32WB06CCV6TR, STM32WB06CCV7TR, STM32WB06KCV6TR, STM32WB06KCV7TR, STM32WB07CCF6TR, STM32WB07CCF7TR, STM32WB07CCV6TR, STM32WB07CCV7TR, STM32WB07KCV6TR, STM32WB07KCV7TR, STM32WB09KEV6TR, STM32WB09KEV7TR, STM32WB09TEF6TR, STM32WB09TEF7TR, STM32WB1MMCH6, STM32WBA50KGU6, STM32WBA50KGU6TR, STM32WBA52CEU6, STM32WBA52CEU6TR, STM32WBA52CEU7, STM32WBA52CEU7TR, STM32WBA52CGU6, STM32WBA52CGU6TR, STM32WBA52CGU6U, STM32WBA52CGU7, STM32WBA52CGU7TR, STM32WBA52KEU6, STM32WBA52KEU6TR, STM32WBA52KGU6, STM32WBA52KGU6TR, STM32WBA54CEU6, STM32WBA54CEU6TR, STM32WBA54CEU7, STM32WBA54CEU7TR, STM32WBA54CGU6, STM32WBA54CGU6TR, STM32WBA54CGU7, STM32WBA54CGU7TR, STM32WBA54KEU6, STM32WBA54KEU6TR, STM32WBA54KEU7, STM32WBA54KEU7TR, STM32WBA54KGU6, STM32WBA54KGU6TR, STM32WBA54KGU7, STM32WBA54KGU7TR, STM32WBA55CEU6, STM32WBA55CEU6TR, STM32WBA55CEU7, STM32WBA55CEU7TR, STM32WBA55CGU6, STM32WBA55CGU6TR, STM32WBA55CGU6U, STM32WBA55CGU7, STM32WBA55CGU7TR, STM32WBA55G-DK1, STM32WBA55HEF6, STM32WBA55HEF7, STM32WBA55HGF6, STM32WBA55HGF7, STM32WBA55UEI6, STM32WBA55UEI6TR, STM32WBA55UEI7, STM32WBA55UEI7TR, STM32WBA55UGI6, STM32WBA55UGI6TR, STM32WBA55UGI7, STM32WBA55UGI7TR, STM32WBA5MMGH6TR, STM32WBA62MGF6, STM32WBA62MIF6, STM32WBA65MGF7, STM32WBA65MIF6, STM32WBA65MIF7, STM32WL30K8V6, STM32WL30KBV6, STM32WL31C8V6, STM32WL31CBV6, STM32WL31K8V6, STM32WL31KBV6, STM32WL33C8V6, STM32WL33C8V6X, STM32WL33CBV6, STM32WL33CBV6X, STM32WL33CCV6, STM32WL33CCV6A, STM32WL33CCV6X, STM32WL33K8V7, STM32WL33K8V7X, STM32WL33KBV7 , STM32WL33KBV7X, STM32WL33KCV7, STM32WL33KCV7X, STM32WL5MOCH6, STM32WL5MOCH6TR]
2026-02-21 12:11:49,151 [INFO] DbMcus:218 - Found 4876 MCUs, 4876 are supported
2026-02-21 12:11:49,152 [INFO] ApiDb:423 - Load user favorites file /Users/mahinnaveen/.stm32cubeide/favorites.mcus.txt: 0 item(s)
2026-02-21 12:11:49,152 [INFO] ApiDb:427 - User favorites MCUs=[]
2026-02-21 12:11:49,152 [INFO] DbMcus:224 - Set 0 / 0 favorites MCUs
2026-02-21 12:11:49,865 [INFO] BoardInfo:889 - No configuration file found for board P-NUCLEO-WB55
2026-02-21 12:11:49,865 [INFO] DbBoards:161 - Kit is not supported: P-NUCLEO-WB55
2026-02-21 12:11:49,872 [INFO] BoardInfo:889 - No configuration file found for board STEVAL-BFA001V1B
2026-02-21 12:11:49,872 [INFO] DbBoards:161 - Kit is not supported: STEVAL-BFA001V1B
2026-02-21 12:11:49,874 [INFO] BoardInfo:889 - No configuration file found for board STEVAL-BFA001V2B
2026-02-21 12:11:49,874 [INFO] DbBoards:161 - Kit is not supported: STEVAL-BFA001V2B
2026-02-21 12:11:50,028 [INFO] DbBoards:168 - Found 212 boards, 209 are supported
2026-02-21 12:11:50,029 [INFO] DbBoards:169 - Found 212 boards, 43 of them is supported for  Bsp
2026-02-21 12:11:50,031 [INFO] ApiDb:423 - Load user favorites file /Users/mahinnaveen/.stm32cubeide/favorites.boards.txt: 0 item(s)
2026-02-21 12:11:50,031 [INFO] ApiDb:427 - User favorites Boards=[]
2026-02-21 12:11:50,031 [INFO] DbBoards:198 - Set 0 / 0 favorites Boards
2026-02-21 12:11:50,084 [INFO] UtilMem:75 - End LoadConfig() Used Memory: 944267416 Bytes (1073741824)
2026-02-21 12:11:50,307 [WARN] ThirdParty:833 - waiting for thirdparty lock release [change project]
2026-02-21 12:11:50,307 [INFO] ThirdParty:835 - entering critical section [change project]
2026-02-21 12:11:50,307 [INFO] ThirdParty:1030 - CMSIS Pack Vendor :STMicroelectronics X-CUBE-PM33A1 1.0.0
2026-02-21 12:11:50,307 [INFO] ThirdParty:1030 - CMSIS Pack Vendor :STMicroelectronics USBPD 4.1
2026-02-21 12:11:50,307 [INFO] ThirdParty:1030 - CMSIS Pack Vendor :STMicroelectronics USB_HOST 2.0.0
2026-02-21 12:11:50,307 [INFO] ThirdParty:1030 - CMSIS Pack Vendor :STMicroelectronics FP-SNS-MOTENVWB1 1.4.0
2026-02-21 12:11:50,307 [INFO] ThirdParty:1030 - CMSIS Pack Vendor :STMicroelectronics X-CUBE-AZRTOS-F4 1.1.0
2026-02-21 12:11:50,308 [INFO] ThirdParty:1030 - CMSIS Pack Vendor :STMicroelectronics LIBJPEG 8.0.0
2026-02-21 12:11:50,308 [INFO] ThirdParty:1030 - CMSIS Pack Vendor :STMicroelectronics X-CUBE-SMBUS 2.1.0
2026-02-21 12:11:50,308 [INFO] ThirdParty:1030 - CMSIS Pack Vendor :STMicroelectronics X-CUBE-ISPU 2.1.0
2026-02-21 12:11:50,308 [INFO] ThirdParty:1030 - CMSIS Pack Vendor :STMicroelectronics X-CUBE-IPS 3.2.0
2026-02-21 12:11:50,308 [INFO] ThirdParty:1030 - CMSIS Pack Vendor :STMicroelectronics X-CUBE-ST60 1.0.0
2026-02-21 12:11:50,308 [INFO] ThirdParty:1030 - CMSIS Pack Vendor :STMicroelectronics X-CUBE-NFC12 1.0.0
2026-02-21 12:11:50,308 [INFO] ThirdParty:1030 - CMSIS Pack Vendor :STMicroelectronics X-CUBE-AZRTOS-F7 1.1.0
2026-02-21 12:11:50,308 [INFO] ThirdParty:1030 - CMSIS Pack Vendor :STMicroelectronics X-CUBE-AZRTOS-L5 2.0.0
2026-02-21 12:11:50,308 [INFO] ThirdParty:1030 - CMSIS Pack Vendor :STMicroelectronics USB_DEVICE 2.0.0
2026-02-21 12:11:50,308 [INFO] ThirdParty:1030 - CMSIS Pack Vendor :STMicroelectronics X-CUBE-NFC6 3.1.0
2026-02-21 12:11:50,308 [INFO] ThirdParty:1030 - CMSIS Pack Vendor :Cesanta I-CUBE-Mongoose 7.19.0
2026-02-21 12:11:50,308 [INFO] ThirdParty:1030 - CMSIS Pack Vendor :STMicroelectronics FP-SNS-MOTENV1 5.1.0
2026-02-21 12:11:50,308 [INFO] ThirdParty:1030 - CMSIS Pack Vendor :STMicroelectronics FreeRTOS 0.0.1
2026-02-21 12:11:50,308 [INFO] ThirdParty:1030 - CMSIS Pack Vendor :STMicroelectronics X-CUBE-DPower 1.2.0
2026-02-21 12:11:50,308 [INFO] ThirdParty:1030 - CMSIS Pack Vendor :WES I-CUBE-Cesium 1.4.0
2026-02-21 12:11:50,308 [INFO] ThirdParty:1030 - CMSIS Pack Vendor :STMicroelectronics FP-SNS-FLIGHT1 5.0.2
2026-02-21 12:11:50,308 [INFO] ThirdParty:1030 - CMSIS Pack Vendor :Infineon AIROC-Wi-Fi-Bluetooth-STM32 1.7.1
2026-02-21 12:11:50,308 [INFO] ThirdParty:1030 - CMSIS Pack Vendor :STMicroelectronics PDM2PCM 3.3.0
2026-02-21 12:11:50,308 [INFO] ThirdParty:1030 - CMSIS Pack Vendor :STMicroelectronics X-CUBE-AZRTOS-H7 3.4.0
2026-02-21 12:11:50,308 [INFO] ThirdParty:1030 - CMSIS Pack Vendor :STMicroelectronics X-CUBE-DISPLAY 3.0.0
2026-02-21 12:11:50,308 [INFO] ThirdParty:1030 - CMSIS Pack Vendor :STMicroelectronics X-CUBE-BLE1 7.0.0
2026-02-21 12:11:50,308 [INFO] ThirdParty:1030 - CMSIS Pack Vendor :STMicroelectronics X-CUBE-NFC10 1.0.0
2026-02-21 12:11:50,309 [INFO] ThirdParty:1030 - CMSIS Pack Vendor :STMicroelectronics X-CUBE-BLEMGR 4.0.0
2026-02-21 12:11:50,309 [INFO] ThirdParty:1030 - CMSIS Pack Vendor :STMicroelectronics X-CUBE-FREERTOS 1.3.1
2026-02-21 12:11:50,309 [INFO] ThirdParty:1030 - CMSIS Pack Vendor :STMicroelectronics HAL Drivers 0.0.0
2026-02-21 12:11:50,309 [INFO] ThirdParty:1030 - CMSIS Pack Vendor :STMicroelectronics X-CUBE-ST60 1.1.0
2026-02-21 12:11:50,309 [INFO] ThirdParty:1030 - CMSIS Pack Vendor :emotas I-CUBE-CANOPEN 1.3.0
2026-02-21 12:11:50,309 [INFO] ThirdParty:1030 - CMSIS Pack Vendor :STMicroelectronics X-CUBE-FREERTOS 1.3.0
2026-02-21 12:11:50,309 [INFO] ThirdParty:1030 - CMSIS Pack Vendor :STMicroelectronics X-CUBE-NFC7 1.0.1
2026-02-21 12:11:50,309 [INFO] ThirdParty:1030 - CMSIS Pack Vendor :STMicroelectronics MBEDTLS 2.14.1
2026-02-21 12:11:50,309 [INFO] ThirdParty:1030 - CMSIS Pack Vendor :STMicroelectronics X-CUBE-GNSS1 7.1.0
2026-02-21 12:11:50,309 [INFO] ThirdParty:1030 - CMSIS Pack Vendor :STMicroelectronics X-CUBE-TOUCHGFX 4.26.0
2026-02-21 12:11:50,309 [INFO] ThirdParty:1030 - CMSIS Pack Vendor :STMicroelectronics X-CUBE-AI 10.0.0
2026-02-21 12:11:50,309 [INFO] ThirdParty:1030 - CMSIS Pack Vendor :STMicroelectronics FP-SNS-STBOX1 2.1.0
2026-02-21 12:11:50,309 [INFO] ThirdParty:1030 - CMSIS Pack Vendor :STMicroelectronics FP-SNS-STAIOTCFT 1.0.0
2026-02-21 12:11:50,309 [INFO] ThirdParty:1030 - CMSIS Pack Vendor :STMicroelectronics FP-SNS-SMARTAG2 1.2.0
2026-02-21 12:11:50,309 [INFO] ThirdParty:1030 - CMSIS Pack Vendor :STMicroelectronics FP-SNS-FLIGHT1 5.1.0
2026-02-21 12:11:50,309 [INFO] ThirdParty:1030 - CMSIS Pack Vendor :STMicroelectronics X-CUBE-MEMS1 11.1.0
2026-02-21 12:11:50,309 [INFO] ThirdParty:1030 - CMSIS Pack Vendor :STMicroelectronics X-CUBE-AZRTOS-WL 2.0.0
2026-02-21 12:11:50,309 [INFO] ThirdParty:1030 - CMSIS Pack Vendor :STMicroelectronics X-CUBE-DPower 1.3.0
2026-02-21 12:11:50,309 [INFO] ThirdParty:1030 - CMSIS Pack Vendor :STMicroelectronics FP-SNS-MOTENV1 5.0.0
2026-02-21 12:11:50,309 [INFO] ThirdParty:1030 - CMSIS Pack Vendor :STMicroelectronics USB_DEVICE 1.0.0
2026-02-21 12:11:50,309 [INFO] ThirdParty:1030 - CMSIS Pack Vendor :STMicroelectronics X-CUBE-AZRTOS-H7RS 1.2.0
2026-02-21 12:11:50,309 [INFO] ThirdParty:1030 - CMSIS Pack Vendor :STMicroelectronics X-CUBE-AZRTOS-L4 2.0.0
2026-02-21 12:11:50,309 [INFO] ThirdParty:1030 - CMSIS Pack Vendor :STMicroelectronics ThreadX 0.0.2
2026-02-21 12:11:50,310 [INFO] ThirdParty:1030 - CMSIS Pack Vendor :STMicroelectronics lwIP 2.1.2
2026-02-21 12:11:50,310 [INFO] ThirdParty:1030 - CMSIS Pack Vendor :STMicroelectronics X-CUBE-SFXS2LP1 4.0.0
2026-02-21 12:11:50,310 [INFO] ThirdParty:1030 - CMSIS Pack Vendor :STMicroelectronics X-CUBE-BLE2 3.3.0
2026-02-21 12:11:50,310 [INFO] ThirdParty:1030 - CMSIS Pack Vendor :Avnet-IOTCONNECT X-CUBE-iotc-st67-sdk 1.0.0
2026-02-21 12:11:50,310 [INFO] ThirdParty:1030 - CMSIS Pack Vendor :STMicroelectronics PDM2PCM 3.2.0
2026-02-21 12:11:50,310 [INFO] ThirdParty:1030 - CMSIS Pack Vendor :STMicroelectronics X-CUBE-ST67W61 1.2.0
2026-02-21 12:11:50,310 [INFO] ThirdParty:1030 - CMSIS Pack Vendor :STMicroelectronics X-CUBE-NFC9 1.0.0
2026-02-21 12:11:50,310 [INFO] ThirdParty:1030 - CMSIS Pack Vendor :wolfSSL I-CUBE-wolfSSL 5.8.2
2026-02-21 12:11:50,310 [INFO] ThirdParty:1030 - CMSIS Pack Vendor :wolfSSL I-CUBE-wolfMQTT 1.19.2
2026-02-21 12:11:50,310 [INFO] ThirdParty:1030 - CMSIS Pack Vendor :STMicroelectronics USB_DEVICE 3.0.0
2026-02-21 12:11:50,310 [INFO] ThirdParty:1030 - CMSIS Pack Vendor :STMicroelectronics X-CUBE-FREERTOS 1.4.0
2026-02-21 12:11:50,310 [INFO] ThirdParty:1030 - CMSIS Pack Vendor :STMicroelectronics X-CUBE-EEPRMA1 5.2.0
2026-02-21 12:11:50,310 [INFO] ThirdParty:1030 - CMSIS Pack Vendor :STMicroelectronics X-CUBE-BLEMGR 4.1.0
2026-02-21 12:11:50,310 [INFO] ThirdParty:1030 - CMSIS Pack Vendor :STMicroelectronics X-CUBE-AZRTOS-WB 2.0.0
2026-02-21 12:11:50,310 [INFO] ThirdParty:1030 - CMSIS Pack Vendor :STMicroelectronics X-CUBE-GNSS1 7.0.1
2026-02-21 12:11:50,310 [INFO] ThirdParty:1030 - CMSIS Pack Vendor :STMicroelectronics X-CUBE-TOUCHGFX 4.25.0
2026-02-21 12:11:50,310 [INFO] ThirdParty:1030 - CMSIS Pack Vendor :STMicroelectronics X-CUBE-ST67W61 1.1.0
2026-02-21 12:11:50,310 [INFO] ThirdParty:1030 - CMSIS Pack Vendor :STMicroelectronics FP-SNS-STBOX1 2.0.0
2026-02-21 12:11:50,310 [INFO] ThirdParty:1030 - CMSIS Pack Vendor :quantropi X-CUBE-qispace-sdk-base 2.1.0
2026-02-21 12:11:50,310 [INFO] ThirdParty:1030 - CMSIS Pack Vendor :STMicroelectronics X-CUBE-MEMS1 12.0.0
2026-02-21 12:11:50,310 [INFO] ThirdParty:1030 - CMSIS Pack Vendor :STMicroelectronics X-CUBE-STSE01 2.0.0
2026-02-21 12:11:50,310 [INFO] ThirdParty:1030 - CMSIS Pack Vendor :STMicroelectronics X-CUBE-AZRTOS-G0 1.1.0
2026-02-21 12:11:50,310 [INFO] ThirdParty:1030 - CMSIS Pack Vendor :STMicroelectronics X-CUBE-SAFEA1 1.2.2
2026-02-21 12:11:50,310 [INFO] ThirdParty:1030 - CMSIS Pack Vendor :STMicroelectronics X-CUBE-NFC4 3.0.0
2026-02-21 12:11:50,310 [INFO] ThirdParty:1030 - CMSIS Pack Vendor :STMicroelectronics X-CUBE-SUBG2 5.0.0
2026-02-21 12:11:50,310 [INFO] ThirdParty:1030 - CMSIS Pack Vendor :STMicroelectronics X-CUBE-AZRTOS-H7RS 1.1.0
2026-02-21 12:11:50,310 [INFO] ThirdParty:1030 - CMSIS Pack Vendor :STMicroelectronics STM32_WPAN 1.0.0
2026-02-21 12:11:50,311 [INFO] ThirdParty:1030 - CMSIS Pack Vendor :EmbeddedOffice I-CUBE-FS-RTOS 1.0.1
2026-02-21 12:11:50,311 [INFO] ThirdParty:1030 - CMSIS Pack Vendor :STMicroelectronics lwIP 2.0.3
2026-02-21 12:11:50,311 [INFO] ThirdParty:1030 - CMSIS Pack Vendor :STMicroelectronics USB_HOST 1.0.0
2026-02-21 12:11:50,311 [INFO] ThirdParty:1030 - CMSIS Pack Vendor :STMicroelectronics X-CUBE-AZRTOS-G4 2.0.0
2026-02-21 12:11:50,311 [INFO] ThirdParty:1030 - CMSIS Pack Vendor :STMicroelectronics X-CUBE-WB05N 2.0.0
2026-02-21 12:11:50,311 [INFO] ThirdParty:1030 - CMSIS Pack Vendor :STMicroelectronics PDM2PCM 3.1.0
2026-02-21 12:11:50,311 [INFO] ThirdParty:1030 - CMSIS Pack Vendor :wolfSSL I-CUBE-wolfTPM 3.8.0
2026-02-21 12:11:50,311 [INFO] ThirdParty:1030 - CMSIS Pack Vendor :wolfSSL I-CUBE-wolfSSH 1.4.20
2026-02-21 12:11:50,311 [INFO] ThirdParty:1030 - CMSIS Pack Vendor :STMicroelectronics X-CUBE-NFC7 2.0.0
2026-02-21 12:11:50,311 [INFO] ThirdParty:1030 - CMSIS Pack Vendor :RealThread X-CUBE-RT-Thread_Nano 4.1.1
2026-02-21 12:11:50,311 [INFO] ThirdParty:1030 - CMSIS Pack Vendor :STMicroelectronics FP-ATR-SIGFOX1 3.2.0
2026-02-21 12:11:50,311 [INFO] ThirdParty:1030 - CMSIS Pack Vendor :STMicroelectronics X-CUBE-EEPRMA1 5.1.0
2026-02-21 12:11:50,311 [INFO] ThirdParty:1030 - CMSIS Pack Vendor :STMicroelectronics MBEDTLS 2.16.2
2026-02-21 12:11:50,311 [INFO] ThirdParty:1030 - CMSIS Pack Vendor :STMicroelectronics X-CUBE-IPS 3.1.0
2026-02-21 12:11:50,311 [INFO] ThirdParty:1030 - CMSIS Pack Vendor :STMicroelectronics X-CUBE-ALS 1.0.2
2026-02-21 12:11:50,311 [INFO] ThirdParty:1030 - CMSIS Pack Vendor :ITTIA_DB I-CUBE-ITTIADB 8.9.0
2026-02-21 12:11:50,311 [INFO] ThirdParty:1030 - CMSIS Pack Vendor :STMicroelectronics X-CUBE-TOUCHGFX 4.24.2
2026-02-21 12:11:50,311 [INFO] ThirdParty:1030 - CMSIS Pack Vendor :STMicroelectronics X-CUBE-STSE01 1.0.0
2026-02-21 12:11:50,311 [INFO] ThirdParty:1030 - CMSIS Pack Vendor :STMicroelectronics X-CUBE-NFC6 3.2.0
2026-02-21 12:11:50,311 [INFO] ThirdParty:1030 - CMSIS Pack Vendor :STMicroelectronics X-CUBE-ST67W61 1.0.0
2026-02-21 12:11:50,311 [INFO] ThirdParty:1030 - CMSIS Pack Vendor :STMicroelectronics X-CUBE-AI 10.2.0
2026-02-21 12:11:50,311 [INFO] ThirdParty:1030 - CMSIS Pack Vendor :STMicroelectronics ThreadX 1.0.0
2026-02-21 12:11:50,311 [INFO] ThirdParty:1030 - CMSIS Pack Vendor :SEGGER I-CUBE-embOS 1.3.1
2026-02-21 12:11:50,311 [INFO] ThirdParty:1030 - CMSIS Pack Vendor :STMicroelectronics X-CUBE-ALGOBUILD 1.4.0
2026-02-21 12:11:50,311 [INFO] ThirdParty:1030 - CMSIS Pack Vendor :STMicroelectronics X-CUBE-MEMS1 11.3.0
2026-02-21 12:11:50,312 [INFO] ThirdParty:1030 - CMSIS Pack Vendor :STMicroelectronics X-CUBE-TOF1 3.4.2
2026-02-21 12:11:50,312 [INFO] ThirdParty:1030 - CMSIS Pack Vendor :STMicroelectronics X-CUBE-TOF1 3.4.3
2026-02-21 12:11:50,312 [INFO] ThirdParty:841 - exiting critical section [change project]
2026-02-21 12:11:50,715 [INFO] PinOutPanel:1589 - setPackage(No Configuration,No Configuration)
2026-02-21 12:11:50,716 [INFO] PinOutPanel:1589 - setPackage(STM32F446RETx,LQFP64)
2026-02-21 12:11:51,093 [INFO] UtilMem:75 - Before build in PCC Used Memory: 887266456 Bytes (1073741824)
2026-02-21 12:11:51,636 [INFO] UtilMem:75 - After build in PCC Used Memory: 683021136 Bytes (1073741824)
2026-02-21 12:11:51,665 [INFO] IPUIPlugin:80 - create IPUIPlugin
2026-02-21 12:11:51,665 [INFO] IPUIPlugin:80 - create IPUIPlugin
2026-02-21 12:11:51,665 [INFO] IPUIPlugin:80 - create IPUIPlugin
2026-02-21 12:11:51,665 [INFO] IPUIPlugin:80 - create IPUIPlugin
2026-02-21 12:11:51,665 [INFO] IPUIPlugin:80 - create IPUIPlugin
2026-02-21 12:11:51,666 [INFO] IPUIPlugin:80 - create IPUIPlugin
2026-02-21 12:11:51,666 [INFO] IPUIPlugin:80 - create IPUIPlugin
2026-02-21 12:11:51,666 [INFO] IPUIPlugin:80 - create IPUIPlugin
2026-02-21 12:11:51,666 [INFO] IPUIPlugin:80 - create IPUIPlugin
2026-02-21 12:11:51,666 [INFO] IPUIPlugin:80 - create IPUIPlugin
2026-02-21 12:11:51,667 [INFO] IPUIPlugin:80 - create IPUIPlugin
2026-02-21 12:11:51,667 [INFO] IPUIPlugin:80 - create IPUIPlugin
2026-02-21 12:11:51,667 [INFO] IPUIPlugin:80 - create IPUIPlugin
2026-02-21 12:11:51,667 [INFO] IPUIPlugin:80 - create IPUIPlugin
2026-02-21 12:11:51,667 [INFO] IPUIPlugin:80 - create IPUIPlugin
2026-02-21 12:11:51,667 [INFO] IPUIPlugin:80 - create IPUIPlugin
2026-02-21 12:11:51,667 [INFO] IPUIPlugin:80 - create IPUIPlugin
2026-02-21 12:11:51,667 [INFO] IPUIPlugin:80 - create IPUIPlugin
2026-02-21 12:11:51,668 [INFO] IPUIPlugin:80 - create IPUIPlugin
2026-02-21 12:11:51,668 [INFO] IPUIPlugin:80 - create IPUIPlugin
2026-02-21 12:11:51,668 [INFO] IPUIPlugin:80 - create IPUIPlugin
2026-02-21 12:11:51,668 [INFO] IPUIPlugin:80 - create IPUIPlugin
2026-02-21 12:11:51,668 [INFO] IPUIPlugin:80 - create IPUIPlugin
2026-02-21 12:11:51,668 [INFO] IPUIPlugin:80 - create IPUIPlugin
2026-02-21 12:11:51,668 [INFO] IPUIPlugin:80 - create IPUIPlugin
2026-02-21 12:11:51,668 [INFO] IPUIPlugin:80 - create IPUIPlugin
2026-02-21 12:11:51,668 [INFO] IPUIPlugin:80 - create IPUIPlugin
2026-02-21 12:11:51,669 [INFO] IPUIPlugin:80 - create IPUIPlugin
2026-02-21 12:11:51,669 [INFO] IPUIPlugin:80 - create IPUIPlugin
2026-02-21 12:11:51,669 [INFO] IPUIPlugin:80 - create IPUIPlugin
2026-02-21 12:11:51,669 [INFO] IPUIPlugin:80 - create IPUIPlugin
2026-02-21 12:11:51,669 [INFO] IPUIPlugin:80 - create IPUIPlugin
2026-02-21 12:11:51,669 [INFO] IPUIPlugin:80 - create IPUIPlugin
2026-02-21 12:11:51,669 [INFO] IPUIPlugin:80 - create IPUIPlugin
2026-02-21 12:11:51,670 [INFO] IPUIPlugin:80 - create IPUIPlugin
2026-02-21 12:11:51,670 [INFO] IPUIPlugin:80 - create IPUIPlugin
2026-02-21 12:11:51,670 [INFO] IPUIPlugin:80 - create IPUIPlugin
2026-02-21 12:11:51,670 [INFO] IPUIPlugin:80 - create IPUIPlugin
2026-02-21 12:11:51,670 [INFO] IPUIPlugin:80 - create IPUIPlugin
2026-02-21 12:11:51,670 [INFO] IPUIPlugin:80 - create IPUIPlugin
2026-02-21 12:11:51,670 [INFO] IPUIPlugin:80 - create IPUIPlugin
2026-02-21 12:11:51,670 [INFO] IPUIPlugin:80 - create IPUIPlugin
2026-02-21 12:11:51,670 [INFO] IPUIPlugin:80 - create IPUIPlugin
2026-02-21 12:11:51,670 [INFO] IPUIPlugin:80 - create IPUIPlugin
2026-02-21 12:11:51,670 [INFO] IPUIPlugin:80 - create IPUIPlugin
2026-02-21 12:11:51,670 [INFO] IPUIPlugin:80 - create IPUIPlugin
2026-02-21 12:11:51,670 [INFO] IPUIPlugin:80 - create IPUIPlugin
2026-02-21 12:11:51,671 [INFO] IPUIPlugin:80 - create IPUIPlugin
2026-02-21 12:11:51,671 [INFO] IPUIPlugin:80 - create IPUIPlugin
2026-02-21 12:11:51,671 [INFO] IPUIPlugin:80 - create IPUIPlugin
2026-02-21 12:11:51,671 [INFO] IPUIPlugin:80 - create IPUIPlugin
2026-02-21 12:11:51,671 [INFO] IPUIPlugin:80 - create IPUIPlugin
2026-02-21 12:11:51,671 [INFO] IPUIPlugin:80 - create IPUIPlugin
2026-02-21 12:11:51,671 [INFO] IPUIPlugin:80 - create IPUIPlugin
2026-02-21 12:11:51,672 [INFO] IPUIPlugin:80 - create IPUIPlugin
2026-02-21 12:11:51,672 [INFO] IPUIPlugin:80 - create IPUIPlugin
2026-02-21 12:11:51,672 [INFO] IPUIPlugin:80 - create IPUIPlugin
2026-02-21 12:11:51,672 [INFO] IPUIPlugin:80 - create IPUIPlugin
2026-02-21 12:11:51,673 [INFO] IPUIPlugin:80 - create IPUIPlugin
2026-02-21 12:11:51,673 [INFO] IPUIPlugin:80 - create IPUIPlugin
2026-02-21 12:11:51,715 [INFO] ApiDbMcu:532 - Load IP Config File for PDM2PCM
2026-02-21 12:11:51,726 [INFO] Can:71 - Can Add PropertyChangeListener com.st.microxplorer.plugins.ip.can.Can@1f2ac81
2026-02-21 12:11:51,898 [INFO] CADModel:165 - CPN selected for project levelSTM32F446RET6
2026-02-21 12:11:51,898 [INFO] CADModel:114 - Register for checkConnection events
2026-02-21 12:11:51,936 [INFO] OpenFileManager:386 - Restore cursor
2026-02-21 12:13:16,046 [INFO] NvicIntPanel:101 - NVIC parent = com.st.microxplorer.plugins.ip.nvic.MultiNvicIntPanel[,0,0,0x0,invalid,layout=javax.swing.BoxLayout,alignmentX=0.0,alignmentY=0.0,border=,flags=9,maximumSize=,minimumSize=,preferredSize=]
2026-02-21 12:13:16,105 [INFO] ParamManager:905 - [Generic UI] PropertyChangeEvent: TAB_STATUS_CHANGED , "dont care", "never mind"
2026-02-21 12:13:16,265 [INFO] ParamManager:905 - [Generic UI] PropertyChangeEvent: TAB_STATUS_CHANGED , "dont care", "never mind"
2026-02-21 12:14:00,290 [INFO] NvicIntPanel:101 - NVIC parent = com.st.microxplorer.plugins.ip.nvic.MultiNvicIntPanel[,0,0,0x0,invalid,layout=javax.swing.BoxLayout,alignmentX=0.0,alignmentY=0.0,border=,flags=9,maximumSize=,minimumSize=,preferredSize=]
2026-02-21 12:14:00,344 [INFO] ParamManager:905 - [Generic UI] PropertyChangeEvent: TAB_STATUS_CHANGED , "dont care", "never mind"
2026-02-21 12:14:00,503 [INFO] ParamManager:905 - [Generic UI] PropertyChangeEvent: TAB_STATUS_CHANGED , "dont care", "never mind"
2026-02-21 12:14:55,003 [INFO] UtilMem:75 - End SaveConfig() Used Memory: 866177704 Bytes (1073741824)
2026-02-21 12:14:59,116 [INFO] UtilMem:75 - End SaveConfig() Used Memory: 862734072 Bytes (1073741824)
2026-02-21 12:14:59,539 [INFO] BlockDiagram:2775 - set Specific Code input for plugin: CAN
2026-02-21 12:14:59,540 [INFO] BlockDiagram:2775 - set Specific Code input for plugin: TIM1_8
2026-02-21 12:14:59,540 [INFO] BlockDiagram:2775 - set Specific Code input for plugin: TIM1_8
2026-02-21 12:14:59,540 [INFO] BlockDiagram:2775 - set Specific Code input for plugin: ADC
2026-02-21 12:14:59,540 [INFO] BlockDiagram:2775 - set Specific Code input for plugin: SYS
2026-02-21 12:14:59,540 [INFO] BlockDiagram:2775 - set Specific Code input for plugin: ADC
2026-02-21 12:14:59,540 [INFO] BlockDiagram:2775 - set Specific Code input for plugin: RCC
2026-02-21 12:14:59,540 [INFO] BlockDiagram:2775 - set Specific Code input for plugin: NVIC
2026-02-21 12:14:59,540 [INFO] BlockDiagram:2775 - set Specific Code input for plugin: USART
2026-02-21 12:14:59,540 [INFO] BlockDiagram:2775 - set Specific Code input for plugin: GPIO
2026-02-21 12:14:59,541 [INFO] CodeGenerator:892 - code generatio: config db path: /Applications/STM32CubeIDE.app/Contents/Eclipse/plugins/com.st.stm32cube.common.mx_6.15.0.202507011659//db/
2026-02-21 12:14:59,834 [INFO] CodeEngine:265 - oldGeneratedFile, /Users/mahinnaveen/Documents/GitHub/FY25_26_Embedded-Systems/template-pcu/MXTmpFiles/license.tmp_save
2026-02-21 12:15:00,208 [INFO] CodeEngine:289 - Generated code: /Users/mahinnaveen/Documents/GitHub/FY25_26_Embedded-Systems/template-pcu/MXTmpFiles/license.tmp
2026-02-21 12:15:00,272 [INFO] CodeEngine:265 - oldGeneratedFile, /Users/mahinnaveen/Documents/GitHub/FY25_26_Embedded-Systems/template-pcu/Core/Src/gpio.c_save
2026-02-21 12:15:00,402 [INFO] CodeEngine:289 - Generated code: /Users/mahinnaveen/Documents/GitHub/FY25_26_Embedded-Systems/template-pcu/Core/Src/gpio.c
2026-02-21 12:15:00,407 [INFO] CodeEngine:265 - oldGeneratedFile, /Users/mahinnaveen/Documents/GitHub/FY25_26_Embedded-Systems/template-pcu/Core/Inc/gpio.h_save
2026-02-21 12:15:00,504 [INFO] CodeEngine:289 - Generated code: /Users/mahinnaveen/Documents/GitHub/FY25_26_Embedded-Systems/template-pcu/Core/Inc/gpio.h
2026-02-21 12:15:00,767 [INFO] CodeEngine:265 - oldGeneratedFile, /Users/mahinnaveen/Documents/GitHub/FY25_26_Embedded-Systems/template-pcu/Core/Src/adc.c_save
2026-02-21 12:15:00,931 [INFO] CodeEngine:289 - Generated code: /Users/mahinnaveen/Documents/GitHub/FY25_26_Embedded-Systems/template-pcu/Core/Src/adc.c
2026-02-21 12:15:00,935 [INFO] CodeEngine:265 - oldGeneratedFile, /Users/mahinnaveen/Documents/GitHub/FY25_26_Embedded-Systems/template-pcu/Core/Inc/adc.h_save
2026-02-21 12:15:01,027 [INFO] CodeEngine:289 - Generated code: /Users/mahinnaveen/Documents/GitHub/FY25_26_Embedded-Systems/template-pcu/Core/Inc/adc.h
2026-02-21 12:15:01,034 [INFO] CodeEngine:265 - oldGeneratedFile, /Users/mahinnaveen/Documents/GitHub/FY25_26_Embedded-Systems/template-pcu/Core/Src/can.c_save
2026-02-21 12:15:01,169 [INFO] CodeEngine:289 - Generated code: /Users/mahinnaveen/Documents/GitHub/FY25_26_Embedded-Systems/template-pcu/Core/Src/can.c
2026-02-21 12:15:01,171 [INFO] CodeEngine:265 - oldGeneratedFile, /Users/mahinnaveen/Documents/GitHub/FY25_26_Embedded-Systems/template-pcu/Core/Inc/can.h_save
2026-02-21 12:15:01,265 [INFO] CodeEngine:289 - Generated code: /Users/mahinnaveen/Documents/GitHub/FY25_26_Embedded-Systems/template-pcu/Core/Inc/can.h
2026-02-21 12:15:01,270 [INFO] CodeEngine:265 - oldGeneratedFile, /Users/mahinnaveen/Documents/GitHub/FY25_26_Embedded-Systems/template-pcu/Core/Src/tim.c_save
2026-02-21 12:15:01,460 [INFO] CodeEngine:289 - Generated code: /Users/mahinnaveen/Documents/GitHub/FY25_26_Embedded-Systems/template-pcu/Core/Src/tim.c
2026-02-21 12:15:01,463 [INFO] CodeEngine:265 - oldGeneratedFile, /Users/mahinnaveen/Documents/GitHub/FY25_26_Embedded-Systems/template-pcu/Core/Inc/tim.h_save
2026-02-21 12:15:01,560 [INFO] CodeEngine:289 - Generated code: /Users/mahinnaveen/Documents/GitHub/FY25_26_Embedded-Systems/template-pcu/Core/Inc/tim.h
2026-02-21 12:15:01,566 [INFO] CodeEngine:265 - oldGeneratedFile, /Users/mahinnaveen/Documents/GitHub/FY25_26_Embedded-Systems/template-pcu/Core/Src/usart.c_save
2026-02-21 12:15:01,713 [INFO] CodeEngine:289 - Generated code: /Users/mahinnaveen/Documents/GitHub/FY25_26_Embedded-Systems/template-pcu/Core/Src/usart.c
2026-02-21 12:15:01,716 [INFO] CodeEngine:265 - oldGeneratedFile, /Users/mahinnaveen/Documents/GitHub/FY25_26_Embedded-Systems/template-pcu/Core/Inc/usart.h_save
2026-02-21 12:15:01,828 [INFO] CodeEngine:289 - Generated code: /Users/mahinnaveen/Documents/GitHub/FY25_26_Embedded-Systems/template-pcu/Core/Inc/usart.h
2026-02-21 12:15:01,839 [INFO] CodeEngine:265 - oldGeneratedFile, /Users/mahinnaveen/Documents/GitHub/FY25_26_Embedded-Systems/template-pcu/Core/Src/stm32f4xx_it.c_save
2026-02-21 12:15:01,962 [INFO] CodeEngine:289 - Generated code: /Users/mahinnaveen/Documents/GitHub/FY25_26_Embedded-Systems/template-pcu/Core/Src/stm32f4xx_it.c
2026-02-21 12:15:01,966 [INFO] CodeEngine:265 - oldGeneratedFile, /Users/mahinnaveen/Documents/GitHub/FY25_26_Embedded-Systems/template-pcu/Core/Inc/stm32f4xx_it.h_save
2026-02-21 12:15:02,062 [INFO] CodeEngine:289 - Generated code: /Users/mahinnaveen/Documents/GitHub/FY25_26_Embedded-Systems/template-pcu/Core/Inc/stm32f4xx_it.h
2026-02-21 12:15:02,073 [INFO] CodeEngine:265 - oldGeneratedFile, /Users/mahinnaveen/Documents/GitHub/FY25_26_Embedded-Systems/template-pcu/Core/Src/stm32f4xx_hal_msp.c_save
2026-02-21 12:15:02,213 [INFO] CodeEngine:289 - Generated code: /Users/mahinnaveen/Documents/GitHub/FY25_26_Embedded-Systems/template-pcu/Core/Src/stm32f4xx_hal_msp.c
2026-02-21 12:15:02,216 [INFO] CodeEngine:265 - oldGeneratedFile, /Users/mahinnaveen/Documents/GitHub/FY25_26_Embedded-Systems/template-pcu/MXTmpFiles/system.tmp_save
2026-02-21 12:15:02,307 [INFO] CodeEngine:289 - Generated code: /Users/mahinnaveen/Documents/GitHub/FY25_26_Embedded-Systems/template-pcu/MXTmpFiles/system.tmp
2026-02-21 12:15:02,316 [INFO] CodeEngine:321 - oldGeneratedFile, /Users/mahinnaveen/Documents/GitHub/FY25_26_Embedded-Systems/template-pcu/Core/Inc/stm32f4xx_hal_conf.h_save
2026-02-21 12:15:02,422 [INFO] CodeEngine:345 - Generated code: /Users/mahinnaveen/Documents/GitHub/FY25_26_Embedded-Systems/template-pcu/Core/Inc/stm32f4xx_hal_conf.h
2026-02-21 12:15:02,446 [WARN] IPConfigManager:3238 - Warning: the RefConfig PLL2P_FOR_MCO is not available in your config.xml file
2026-02-21 12:15:02,453 [INFO] ApiDbMcu:532 - Load IP Config File for ADC1
2026-02-21 12:15:02,456 [INFO] ApiDbMcu:532 - Load IP Config File for ADC2
2026-02-21 12:15:02,458 [INFO] ApiDbMcu:532 - Load IP Config File for CAN2
2026-02-21 12:15:02,478 [INFO] ApiDbMcu:532 - Load IP Config File for TIM1
2026-02-21 12:15:02,496 [INFO] ApiDbMcu:532 - Load IP Config File for TIM2
2026-02-21 12:15:02,500 [INFO] ApiDbMcu:532 - Load IP Config File for USART1
2026-02-21 12:15:02,505 [INFO] ApiDbMcu:532 - Load IP Config File for RCC
2026-02-21 12:15:02,514 [INFO] CodeEngine:265 - oldGeneratedFile, /Users/mahinnaveen/Documents/GitHub/FY25_26_Embedded-Systems/template-pcu/Core/Inc/main.h_save
2026-02-21 12:15:02,621 [INFO] CodeEngine:289 - Generated code: /Users/mahinnaveen/Documents/GitHub/FY25_26_Embedded-Systems/template-pcu/Core/Inc/main.h
2026-02-21 12:15:02,625 [INFO] CodeEngine:265 - oldGeneratedFile, /Users/mahinnaveen/Documents/GitHub/FY25_26_Embedded-Systems/template-pcu/Core/Src/main.c_save
2026-02-21 12:15:02,775 [INFO] CodeEngine:289 - Generated code: /Users/mahinnaveen/Documents/GitHub/FY25_26_Embedded-Systems/template-pcu/Core/Src/main.c
2026-02-21 12:15:03,340 [INFO] ProjectBuilder:3606 - Time for Copy HAL[1] : 207mS.
2026-02-21 12:15:03,346 [INFO] ProjectBuilder:5216 - Project Generator version: 4.7.0-B52
2026-02-21 12:15:03,548 [INFO] ConfigFileManager:1595 - The Die is : DIE421
2026-02-21 12:15:03,559 [INFO] ApiDbMcu:532 - Load IP Config File for FATFS
2026-02-21 12:15:03,569 [INFO] ApiDbMcu:532 - Load IP Config File for FREERTOS
2026-02-21 12:15:03,573 [INFO] ApiDbMcu:532 - Load IP Config File for LIBJPEG
2026-02-21 12:15:03,586 [INFO] ApiDbMcu:532 - Load IP Config File for MBEDTLS
2026-02-21 12:15:03,597 [INFO] ApiDbMcu:532 - Load IP Config File for USB_DEVICE
2026-02-21 12:15:03,602 [INFO] ApiDbMcu:532 - Load IP Config File for USB_HOST
2026-02-21 12:15:04,455 [INFO] LogOutputStream:77 - [STDOUT_REDIRECT] 
2026-02-21 12:15:05,394 [INFO] ProjectBuilder:5496 - Time for Generating toolchain IDE Files: 2047mS.
2026-02-21 12:15:05,395 [INFO] ProjectBuilder:3463 - Time for Copy CMSIS : 1mS.
2026-02-21 12:15:05,397 [INFO] ProjectBuilder:3463 - Time for Copy CMSIS : 0mS.
2026-02-21 14:04:12,004 [INFO] MainUpdater:2872 - connection check result : 10
2026-02-21 14:04:12,005 [INFO] MainUpdater:2872 - connection check result : 10
2026-02-21 14:04:12,291 [ERROR] IocParser:57 - IOException caught: /Users/mahinnaveen/Documents/GitHub/FY25_26_Embedded-Systems/template-pcu/template-pcu.ioc (No such file or directory)
2026-02-21 14:04:12,292 [ERROR] PeripheralListParser:95 - Something went wrong with ioc file reading: /Users/mahinnaveen/Documents/GitHub/FY25_26_Embedded-Systems/template-pcu/template-pcu.ioc (No such file or directory)
2026-02-21 14:04:12,292 [ERROR] RegexParser:59 - Issue caught when parsing regex: /Users/mahinnaveen/Documents/GitHub/FY25_26_Embedded-Systems/template-pcu/template-pcu.ioc (No such file or directory)
2026-02-21 14:04:12,361 [INFO] MicroXplorer:468 - Change Database Path : 
2026-02-21 14:04:12,361 [INFO] MicroXplorer:498 - Change Database Version : DB.6.0.150
2026-02-21 14:04:12,397 [ERROR] ProjectManagerView:395 - 
java.lang.NullPointerException: Cannot invoke "javax.swing.JTextField.getText()" because the return value of "java.util.List.get(int)" is null
	at com.st.microxplorer.plugins.projectmanager.gui.ProjectChoiceTab$9.caretUpdate(ProjectChoiceTab.java:2706) ~[filemanager.jar:?]
	at javax.swing.text.JTextComponent.fireCaretUpdate(JTextComponent.java:408) ~[?:?]
	at javax.swing.text.JTextComponent$MutableCaretEvent.fire(JTextComponent.java:4484) ~[?:?]
	at javax.swing.text.JTextComponent$MutableCaretEvent.stateChanged(JTextComponent.java:4506) ~[?:?]
	at javax.swing.text.DefaultCaret.fireStateChanged(DefaultCaret.java:857) ~[?:?]
	at javax.swing.text.DefaultCaret.changeCaretPosition(DefaultCaret.java:1343) ~[?:?]
	at javax.swing.text.DefaultCaret.handleSetDot(DefaultCaret.java:1242) ~[?:?]
	at javax.swing.text.DefaultCaret.setDot(DefaultCaret.java:1223) ~[?:?]
	at javax.swing.text.DefaultCaret$Handler.insertUpdate(DefaultCaret.java:1819) ~[?:?]
	at javax.swing.text.AbstractDocument.fireInsertUpdate(AbstractDocument.java:227) ~[?:?]
	at javax.swing.text.AbstractDocument.handleInsertString(AbstractDocument.java:781) ~[?:?]
	at javax.swing.text.AbstractDocument.insertString(AbstractDocument.java:740) ~[?:?]
	at javax.swing.text.PlainDocument.insertString(PlainDocument.java:131) ~[?:?]
	at javax.swing.text.AbstractDocument.replace(AbstractDocument.java:699) ~[?:?]
	at javax.swing.text.JTextComponent.setText(JTextComponent.java:1725) ~[?:?]
	at com.st.microxplorer.plugins.projectmanager.gui.ProjectChoiceTab.createHeapStackFields(ProjectChoiceTab.java:993) ~[filemanager.jar:?]
	at com.st.microxplorer.plugins.projectmanager.gui.ProjectChoiceTab.buildLinkSettingsPanel(ProjectChoiceTab.java:3813) ~[filemanager.jar:?]
	at com.st.microxplorer.plugins.projectmanager.gui.ProjectChoiceTab.defineWindowsFields(ProjectChoiceTab.java:1987) ~[filemanager.jar:?]
	at com.st.microxplorer.plugins.projectmanager.gui.ProjectChoiceTab.updateSettings(ProjectChoiceTab.java:558) ~[filemanager.jar:?]
	at com.st.microxplorer.plugins.projectmanager.gui.ProjectSettingsPanel.UpdateDialog(ProjectSettingsPanel.java:247) ~[filemanager.jar:?]
	at com.st.microxplorer.plugins.projectmanager.ProjectManagerView.propertyChange(ProjectManagerView.java:392) ~[filemanager.jar:?]
	at java.beans.PropertyChangeSupport.fire(PropertyChangeSupport.java:343) ~[?:?]
	at java.beans.PropertyChangeSupport.firePropertyChange(PropertyChangeSupport.java:335) ~[?:?]
	at java.beans.PropertyChangeSupport.firePropertyChange(PropertyChangeSupport.java:268) ~[?:?]
	at com.st.microxplorer.util.MXPropertyChangeSupport.firePropertyChange(MXPropertyChangeSupport.java:54) ~[STM32CubeMX.jar:?]
	at com.st.microxplorer.mxsystem.MxSystem.closeConfig(MxSystem.java:899) ~[STM32CubeMX.jar:?]
	at com.st.microxplorer.maingui.MainPanel.closeConfig(MainPanel.java:792) ~[STM32CubeMX.jar:?]
	at com.st.microxplorer.plugins.filemanager.engine.OpenFileManager.loadConfigurationFile(OpenFileManager.java:288) ~[filemanager.jar:?]
	at com.st.microxplorer.plugins.filemanager.engine.MainFileManager.userLoadConfig(MainFileManager.java:364) ~[filemanager.jar:?]
	at com.st.microxplorer.plugins.filemanager.engine.MainFileManager.userLoadConfig(MainFileManager.java:342) ~[filemanager.jar:?]
	at com.st.microxplorer.plugins.filemanager.FileManagerView.getSpecificTask(FileManagerView.java:264) ~[filemanager.jar:?]
	at com.st.stm32cube.common.mx.editor.CubeMxEditor.getMxTabbedPaneInstance(CubeMxEditor.java:1198) ~[com.st.stm32cube.common.mx_6.15.0.202507011659/:?]
	at com.st.stm32cube.common.mx.editor.CubeMxEditor$12$1.createSwingComponent(CubeMxEditor.java:1068) ~[com.st.stm32cube.common.mx_6.15.0.202507011659/:?]
	at com.st.stm32cube.common.mx.oss.core.awtswtbridge.EmbeddedSwingComposite.doComponentCreation(EmbeddedSwingComposite.java:492) ~[com.st.stm32cube.common.mx.oss_6.15.0.202507011659/:?]
	at com.st.stm32cube.common.mx.oss.core.awtswtbridge.EmbeddedSwingComposite$4.run(EmbeddedSwingComposite.java:291) ~[com.st.stm32cube.common.mx.oss_6.15.0.202507011659/:?]
	at com.st.stm32cube.common.mx.oss.core.awtswtbridge.AwtEnvironment$2.run(AwtEnvironment.java:166) ~[com.st.stm32cube.common.mx.oss_6.15.0.202507011659/:?]
	at java.awt.event.InvocationEvent.dispatch(InvocationEvent.java:318) ~[?:?]
	at java.awt.EventQueue.dispatchEventImpl(EventQueue.java:773) ~[?:?]
	at java.awt.EventQueue$4.run(EventQueue.java:720) ~[?:?]
	at java.awt.EventQueue$4.run(EventQueue.java:714) ~[?:?]
	at java.security.AccessController.doPrivileged(AccessController.java:400) ~[?:?]
	at java.security.ProtectionDomain$JavaSecurityAccessImpl.doIntersectionPrivilege(ProtectionDomain.java:87) ~[?:?]
	at java.awt.EventQueue.dispatchEvent(EventQueue.java:742) ~[?:?]
	at java.awt.EventDispatchThread.pumpOneEventForFilters(EventDispatchThread.java:203) ~[?:?]
	at java.awt.EventDispatchThread.pumpEventsForFilter(EventDispatchThread.java:124) ~[?:?]
	at java.awt.EventDispatchThread.pumpEventsForHierarchy(EventDispatchThread.java:113) ~[?:?]
	at java.awt.EventDispatchThread.pumpEvents(EventDispatchThread.java:109) ~[?:?]
	at java.awt.EventDispatchThread.pumpEvents(EventDispatchThread.java:101) ~[?:?]
	at java.awt.EventDispatchThread.run(EventDispatchThread.java:90) ~[?:?]
2026-02-21 14:04:12,408 [WARN] ThirdParty:871 - waiting for thirdparty lock release [close project]
2026-02-21 14:04:12,408 [INFO] ThirdParty:873 - entering critical section [close project]
2026-02-21 14:04:12,408 [INFO] ThirdParty:883 - exiting critical section [close project]
2026-02-21 14:04:12,412 [INFO] PinOutPanel:1589 - setPackage(No Configuration,No Configuration)
2026-02-21 14:04:12,425 [WARN] IpParametersView:155 - Warning: This peripheral hasn't parameters
2026-02-21 14:04:12,437 [WARN] MainPanel:289 - <html><b><center>Warning: This peripheral has no parameters to be configured<br></b></html>
2026-02-21 14:04:12,447 [INFO] UtilMem:75 - Begin LoadConfig() Used Memory: 772808056 Bytes (1073741824)
2026-02-21 14:04:12,448 [INFO] MicroXplorer:468 - Change Database Path : 
2026-02-21 14:04:12,448 [INFO] MicroXplorer:498 - Change Database Version : DB.6.0.150
2026-02-21 14:04:12,448 [INFO] OpenFileManager:355 - Change cursor
2026-02-21 14:04:12,486 [INFO] RulesReader:64 - Compatibility file has been processed (317 Rules)
2026-02-21 14:04:12,494 [INFO] Mcu:2029 - Initializing MCU STM32F446R(C-E)Tx STM32F446RETx STM32F446RET6
2026-02-21 14:04:13,791 [INFO] Context:786 - Trying to add GPIOservice into a context  which must be forbidden
2026-02-21 14:04:14,189 [INFO] ImportTextPane:234 - (OptionalMessage_ERROR) Pin22 (VP_RIF_VS_RIF1) cannot be retrieved for this MCU
2026-02-21 14:04:14,304 [INFO] RtosManager:558 - Registered RTOS mode: class=CMSIS, group=RTOS, mode=CMSIS_V1, owner=FREERTOS
2026-02-21 14:04:14,304 [INFO] RtosManager:558 - Registered RTOS mode: class=CMSIS, group=RTOS2, mode=CMSIS_V2, owner=FREERTOS
2026-02-21 14:04:14,304 [INFO] RtosManager:558 - Registered RTOS mode: class=RTOS, group=Core, mode=CMSIS_V1, owner=FREERTOS
2026-02-21 14:04:14,304 [INFO] RtosManager:558 - Registered RTOS mode: class=RTOS, group=Core, mode=CMSIS_V2, owner=FREERTOS
2026-02-21 14:04:14,305 [WARN] ModelIntegratedComponent:184 - Missing modes for component STMicroelectronics:FreeRTOS:0.0.1:STMicroelectronics:RTOS:FreeRTOS:Core:::10.2.0:
2026-02-21 14:04:14,315 [WARN] ModelIntegratedComponent:63 - No mode defined for component null
2026-02-21 14:04:14,316 [WARN] ModelIntegratedComponent:63 - No mode defined for component null
2026-02-21 14:04:14,316 [WARN] ModelIntegratedComponent:63 - No mode defined for component null
2026-02-21 14:04:14,316 [WARN] ModelIntegratedComponent:63 - No mode defined for component null
2026-02-21 14:04:14,316 [WARN] ModelIntegratedComponent:63 - No mode defined for component null
2026-02-21 14:04:14,316 [WARN] ModelIntegratedComponent:63 - No mode defined for component null
2026-02-21 14:04:14,316 [WARN] ModelIntegratedComponent:63 - No mode defined for component null
2026-02-21 14:04:14,316 [WARN] ModelIntegratedComponent:63 - No mode defined for component null
2026-02-21 14:04:14,316 [WARN] ModelIntegratedComponent:63 - No mode defined for component null
2026-02-21 14:04:14,317 [WARN] ModelIntegratedComponent:63 - No mode defined for component null
2026-02-21 14:04:14,317 [WARN] ModelIntegratedComponent:63 - No mode defined for component null
2026-02-21 14:04:14,317 [WARN] ModelIntegratedComponent:63 - No mode defined for component null
2026-02-21 14:04:14,317 [WARN] ModelIntegratedComponent:63 - No mode defined for component null
2026-02-21 14:04:14,317 [WARN] ModelIntegratedComponent:63 - No mode defined for component null
2026-02-21 14:04:14,317 [WARN] ModelIntegratedComponent:63 - No mode defined for component null
2026-02-21 14:04:14,317 [WARN] ModelIntegratedComponent:63 - No mode defined for component null
2026-02-21 14:04:14,318 [WARN] ModelIntegratedComponent:63 - No mode defined for component null
2026-02-21 14:04:14,318 [WARN] ModelIntegratedComponent:63 - No mode defined for component null
2026-02-21 14:04:14,318 [WARN] ModelIntegratedComponent:63 - No mode defined for component null
2026-02-21 14:04:14,318 [WARN] ModelIntegratedComponent:63 - No mode defined for component null
2026-02-21 14:04:14,318 [WARN] ModelIntegratedComponent:63 - No mode defined for component null
2026-02-21 14:04:14,318 [WARN] ModelIntegratedComponent:63 - No mode defined for component null
2026-02-21 14:04:14,318 [WARN] ModelIntegratedComponent:63 - No mode defined for component null
2026-02-21 14:04:14,318 [WARN] ModelIntegratedComponent:63 - No mode defined for component null
2026-02-21 14:04:14,319 [WARN] ModelIntegratedComponent:63 - No mode defined for component null
2026-02-21 14:04:14,319 [WARN] ModelIntegratedComponent:63 - No mode defined for component null
2026-02-21 14:04:14,319 [WARN] ModelIntegratedComponent:63 - No mode defined for component null
2026-02-21 14:04:14,319 [WARN] ModelIntegratedComponent:63 - No mode defined for component null
2026-02-21 14:04:14,319 [WARN] ModelIntegratedComponent:63 - No mode defined for component null
2026-02-21 14:04:14,319 [WARN] ModelIntegratedComponent:63 - No mode defined for component null
2026-02-21 14:04:14,319 [WARN] ModelIntegratedComponent:63 - No mode defined for component null
2026-02-21 14:04:14,319 [WARN] ModelIntegratedComponent:63 - No mode defined for component null
2026-02-21 14:04:14,319 [WARN] ModelIntegratedComponent:63 - No mode defined for component null
2026-02-21 14:04:14,320 [WARN] ModelIntegratedComponent:63 - No mode defined for component null
2026-02-21 14:04:14,320 [WARN] ModelIntegratedComponent:63 - No mode defined for component null
2026-02-21 14:04:14,320 [WARN] ModelPack:524 - Component already loaded: STMicroelectronics:HAL Drivers:0.0.0:STMicroelectronics:Device:STMicro_Driver:XSPI:HAL::0.0.1:HAL_XSPI
2026-02-21 14:04:15,025 [INFO] ThirdPartyModel:298 - Start build external matchings
2026-02-21 14:04:16,029 [INFO] ThirdPartyModel:316 - End build external matchings
2026-02-21 14:04:16,207 [INFO] UtilMem:75 - End LoadConfig() Used Memory: 844280824 Bytes (1073741824)
2026-02-21 14:04:16,241 [WARN] ThirdParty:833 - waiting for thirdparty lock release [change project]
2026-02-21 14:04:16,241 [INFO] ThirdParty:835 - entering critical section [change project]
2026-02-21 14:04:16,242 [INFO] ThirdParty:1030 - CMSIS Pack Vendor :STMicroelectronics X-CUBE-PM33A1 1.0.0
2026-02-21 14:04:16,242 [INFO] ThirdParty:1030 - CMSIS Pack Vendor :STMicroelectronics USBPD 4.1
2026-02-21 14:04:16,242 [INFO] ThirdParty:1030 - CMSIS Pack Vendor :STMicroelectronics USB_HOST 2.0.0
2026-02-21 14:04:16,242 [INFO] ThirdParty:1030 - CMSIS Pack Vendor :STMicroelectronics FP-SNS-MOTENVWB1 1.4.0
2026-02-21 14:04:16,242 [INFO] ThirdParty:1030 - CMSIS Pack Vendor :STMicroelectronics X-CUBE-AZRTOS-F4 1.1.0
2026-02-21 14:04:16,242 [INFO] ThirdParty:1030 - CMSIS Pack Vendor :STMicroelectronics LIBJPEG 8.0.0
2026-02-21 14:04:16,242 [INFO] ThirdParty:1030 - CMSIS Pack Vendor :STMicroelectronics X-CUBE-SMBUS 2.1.0
2026-02-21 14:04:16,243 [INFO] ThirdParty:1030 - CMSIS Pack Vendor :STMicroelectronics X-CUBE-ISPU 2.1.0
2026-02-21 14:04:16,243 [INFO] ThirdParty:1030 - CMSIS Pack Vendor :STMicroelectronics X-CUBE-IPS 3.2.0
2026-02-21 14:04:16,243 [INFO] ThirdParty:1030 - CMSIS Pack Vendor :STMicroelectronics X-CUBE-ST60 1.0.0
2026-02-21 14:04:16,243 [INFO] ThirdParty:1030 - CMSIS Pack Vendor :STMicroelectronics X-CUBE-NFC12 1.0.0
2026-02-21 14:04:16,243 [INFO] ThirdParty:1030 - CMSIS Pack Vendor :STMicroelectronics X-CUBE-AZRTOS-F7 1.1.0
2026-02-21 14:04:16,243 [INFO] ThirdParty:1030 - CMSIS Pack Vendor :STMicroelectronics X-CUBE-AZRTOS-L5 2.0.0
2026-02-21 14:04:16,243 [INFO] ThirdParty:1030 - CMSIS Pack Vendor :STMicroelectronics USB_DEVICE 2.0.0
2026-02-21 14:04:16,244 [INFO] ThirdParty:1030 - CMSIS Pack Vendor :STMicroelectronics X-CUBE-NFC6 3.1.0
2026-02-21 14:04:16,244 [INFO] ThirdParty:1030 - CMSIS Pack Vendor :Cesanta I-CUBE-Mongoose 7.19.0
2026-02-21 14:04:16,244 [INFO] ThirdParty:1030 - CMSIS Pack Vendor :STMicroelectronics FP-SNS-MOTENV1 5.1.0
2026-02-21 14:04:16,244 [INFO] ThirdParty:1030 - CMSIS Pack Vendor :STMicroelectronics FreeRTOS 0.0.1
2026-02-21 14:04:16,244 [INFO] ThirdParty:1030 - CMSIS Pack Vendor :STMicroelectronics X-CUBE-DPower 1.2.0
2026-02-21 14:04:16,244 [INFO] ThirdParty:1030 - CMSIS Pack Vendor :WES I-CUBE-Cesium 1.4.0
2026-02-21 14:04:16,244 [INFO] ThirdParty:1030 - CMSIS Pack Vendor :STMicroelectronics FP-SNS-FLIGHT1 5.0.2
2026-02-21 14:04:16,244 [INFO] ThirdParty:1030 - CMSIS Pack Vendor :Infineon AIROC-Wi-Fi-Bluetooth-STM32 1.7.1
2026-02-21 14:04:16,244 [INFO] ThirdParty:1030 - CMSIS Pack Vendor :STMicroelectronics PDM2PCM 3.3.0
2026-02-21 14:04:16,245 [INFO] ThirdParty:1030 - CMSIS Pack Vendor :STMicroelectronics X-CUBE-AZRTOS-H7 3.4.0
2026-02-21 14:04:16,245 [INFO] ThirdParty:1030 - CMSIS Pack Vendor :STMicroelectronics X-CUBE-DISPLAY 3.0.0
2026-02-21 14:04:16,245 [INFO] ThirdParty:1030 - CMSIS Pack Vendor :STMicroelectronics X-CUBE-BLE1 7.0.0
2026-02-21 14:04:16,245 [INFO] ThirdParty:1030 - CMSIS Pack Vendor :STMicroelectronics X-CUBE-NFC10 1.0.0
2026-02-21 14:04:16,245 [INFO] ThirdParty:1030 - CMSIS Pack Vendor :STMicroelectronics X-CUBE-BLEMGR 4.0.0
2026-02-21 14:04:16,245 [INFO] ThirdParty:1030 - CMSIS Pack Vendor :STMicroelectronics X-CUBE-FREERTOS 1.3.1
2026-02-21 14:04:16,245 [INFO] ThirdParty:1030 - CMSIS Pack Vendor :STMicroelectronics HAL Drivers 0.0.0
2026-02-21 14:04:16,245 [INFO] ThirdParty:1030 - CMSIS Pack Vendor :STMicroelectronics X-CUBE-ST60 1.1.0
2026-02-21 14:04:16,245 [INFO] ThirdParty:1030 - CMSIS Pack Vendor :emotas I-CUBE-CANOPEN 1.3.0
2026-02-21 14:04:16,245 [INFO] ThirdParty:1030 - CMSIS Pack Vendor :STMicroelectronics X-CUBE-FREERTOS 1.3.0
2026-02-21 14:04:16,245 [INFO] ThirdParty:1030 - CMSIS Pack Vendor :STMicroelectronics X-CUBE-NFC7 1.0.1
2026-02-21 14:04:16,245 [INFO] ThirdParty:1030 - CMSIS Pack Vendor :STMicroelectronics MBEDTLS 2.14.1
2026-02-21 14:04:16,245 [INFO] ThirdParty:1030 - CMSIS Pack Vendor :STMicroelectronics X-CUBE-GNSS1 7.1.0
2026-02-21 14:04:16,246 [INFO] ThirdParty:1030 - CMSIS Pack Vendor :STMicroelectronics X-CUBE-TOUCHGFX 4.26.0
2026-02-21 14:04:16,246 [INFO] ThirdParty:1030 - CMSIS Pack Vendor :STMicroelectronics X-CUBE-AI 10.0.0
2026-02-21 14:04:16,246 [INFO] ThirdParty:1030 - CMSIS Pack Vendor :STMicroelectronics FP-SNS-STBOX1 2.1.0
2026-02-21 14:04:16,246 [INFO] ThirdParty:1030 - CMSIS Pack Vendor :STMicroelectronics FP-SNS-STAIOTCFT 1.0.0
2026-02-21 14:04:16,246 [INFO] ThirdParty:1030 - CMSIS Pack Vendor :STMicroelectronics FP-SNS-SMARTAG2 1.2.0
2026-02-21 14:04:16,246 [INFO] ThirdParty:1030 - CMSIS Pack Vendor :STMicroelectronics FP-SNS-FLIGHT1 5.1.0
2026-02-21 14:04:16,246 [INFO] ThirdParty:1030 - CMSIS Pack Vendor :STMicroelectronics X-CUBE-MEMS1 11.1.0
2026-02-21 14:04:16,246 [INFO] ThirdParty:1030 - CMSIS Pack Vendor :STMicroelectronics X-CUBE-AZRTOS-WL 2.0.0
2026-02-21 14:04:16,246 [INFO] ThirdParty:1030 - CMSIS Pack Vendor :STMicroelectronics X-CUBE-DPower 1.3.0
2026-02-21 14:04:16,246 [INFO] ThirdParty:1030 - CMSIS Pack Vendor :STMicroelectronics FP-SNS-MOTENV1 5.0.0
2026-02-21 14:04:16,247 [INFO] ThirdParty:1030 - CMSIS Pack Vendor :STMicroelectronics USB_DEVICE 1.0.0
2026-02-21 14:04:16,247 [INFO] ThirdParty:1030 - CMSIS Pack Vendor :STMicroelectronics X-CUBE-AZRTOS-H7RS 1.2.0
2026-02-21 14:04:16,247 [INFO] ThirdParty:1030 - CMSIS Pack Vendor :STMicroelectronics X-CUBE-AZRTOS-L4 2.0.0
2026-02-21 14:04:16,247 [INFO] ThirdParty:1030 - CMSIS Pack Vendor :STMicroelectronics ThreadX 0.0.2
2026-02-21 14:04:16,247 [INFO] ThirdParty:1030 - CMSIS Pack Vendor :STMicroelectronics lwIP 2.1.2
2026-02-21 14:04:16,247 [INFO] ThirdParty:1030 - CMSIS Pack Vendor :STMicroelectronics X-CUBE-SFXS2LP1 4.0.0
2026-02-21 14:04:16,247 [INFO] ThirdParty:1030 - CMSIS Pack Vendor :STMicroelectronics X-CUBE-BLE2 3.3.0
2026-02-21 14:04:16,247 [INFO] ThirdParty:1030 - CMSIS Pack Vendor :Avnet-IOTCONNECT X-CUBE-iotc-st67-sdk 1.0.0
2026-02-21 14:04:16,247 [INFO] ThirdParty:1030 - CMSIS Pack Vendor :STMicroelectronics PDM2PCM 3.2.0
2026-02-21 14:04:16,248 [INFO] ThirdParty:1030 - CMSIS Pack Vendor :STMicroelectronics X-CUBE-ST67W61 1.2.0
2026-02-21 14:04:16,248 [INFO] ThirdParty:1030 - CMSIS Pack Vendor :STMicroelectronics X-CUBE-NFC9 1.0.0
2026-02-21 14:04:16,248 [INFO] ThirdParty:1030 - CMSIS Pack Vendor :wolfSSL I-CUBE-wolfSSL 5.8.2
2026-02-21 14:04:16,248 [INFO] ThirdParty:1030 - CMSIS Pack Vendor :wolfSSL I-CUBE-wolfMQTT 1.19.2
2026-02-21 14:04:16,248 [INFO] ThirdParty:1030 - CMSIS Pack Vendor :STMicroelectronics USB_DEVICE 3.0.0
2026-02-21 14:04:16,248 [INFO] ThirdParty:1030 - CMSIS Pack Vendor :STMicroelectronics X-CUBE-FREERTOS 1.4.0
2026-02-21 14:04:16,248 [INFO] ThirdParty:1030 - CMSIS Pack Vendor :STMicroelectronics X-CUBE-EEPRMA1 5.2.0
2026-02-21 14:04:16,248 [INFO] ThirdParty:1030 - CMSIS Pack Vendor :STMicroelectronics X-CUBE-BLEMGR 4.1.0
2026-02-21 14:04:16,248 [INFO] ThirdParty:1030 - CMSIS Pack Vendor :STMicroelectronics X-CUBE-AZRTOS-WB 2.0.0
2026-02-21 14:04:16,248 [INFO] ThirdParty:1030 - CMSIS Pack Vendor :STMicroelectronics X-CUBE-GNSS1 7.0.1
2026-02-21 14:04:16,248 [INFO] ThirdParty:1030 - CMSIS Pack Vendor :STMicroelectronics X-CUBE-TOUCHGFX 4.25.0
2026-02-21 14:04:16,249 [INFO] ThirdParty:1030 - CMSIS Pack Vendor :STMicroelectronics X-CUBE-ST67W61 1.1.0
2026-02-21 14:04:16,249 [INFO] ThirdParty:1030 - CMSIS Pack Vendor :STMicroelectronics FP-SNS-STBOX1 2.0.0
2026-02-21 14:04:16,249 [INFO] ThirdParty:1030 - CMSIS Pack Vendor :quantropi X-CUBE-qispace-sdk-base 2.1.0
2026-02-21 14:04:16,249 [INFO] ThirdParty:1030 - CMSIS Pack Vendor :STMicroelectronics X-CUBE-MEMS1 12.0.0
2026-02-21 14:04:16,249 [INFO] ThirdParty:1030 - CMSIS Pack Vendor :STMicroelectronics X-CUBE-STSE01 2.0.0
2026-02-21 14:04:16,249 [INFO] ThirdParty:1030 - CMSIS Pack Vendor :STMicroelectronics X-CUBE-AZRTOS-G0 1.1.0
2026-02-21 14:04:16,249 [INFO] ThirdParty:1030 - CMSIS Pack Vendor :STMicroelectronics X-CUBE-SAFEA1 1.2.2
2026-02-21 14:04:16,249 [INFO] ThirdParty:1030 - CMSIS Pack Vendor :STMicroelectronics X-CUBE-NFC4 3.0.0
2026-02-21 14:04:16,249 [INFO] ThirdParty:1030 - CMSIS Pack Vendor :STMicroelectronics X-CUBE-SUBG2 5.0.0
2026-02-21 14:04:16,249 [INFO] ThirdParty:1030 - CMSIS Pack Vendor :STMicroelectronics X-CUBE-AZRTOS-H7RS 1.1.0
2026-02-21 14:04:16,249 [INFO] ThirdParty:1030 - CMSIS Pack Vendor :STMicroelectronics STM32_WPAN 1.0.0
2026-02-21 14:04:16,249 [INFO] ThirdParty:1030 - CMSIS Pack Vendor :EmbeddedOffice I-CUBE-FS-RTOS 1.0.1
2026-02-21 14:04:16,250 [INFO] ThirdParty:1030 - CMSIS Pack Vendor :STMicroelectronics lwIP 2.0.3
2026-02-21 14:04:16,250 [INFO] ThirdParty:1030 - CMSIS Pack Vendor :STMicroelectronics USB_HOST 1.0.0
2026-02-21 14:04:16,250 [INFO] ThirdParty:1030 - CMSIS Pack Vendor :STMicroelectronics X-CUBE-AZRTOS-G4 2.0.0
2026-02-21 14:04:16,250 [INFO] ThirdParty:1030 - CMSIS Pack Vendor :STMicroelectronics X-CUBE-WB05N 2.0.0
2026-02-21 14:04:16,250 [INFO] ThirdParty:1030 - CMSIS Pack Vendor :STMicroelectronics PDM2PCM 3.1.0
2026-02-21 14:04:16,250 [INFO] ThirdParty:1030 - CMSIS Pack Vendor :wolfSSL I-CUBE-wolfTPM 3.8.0
2026-02-21 14:04:16,250 [INFO] ThirdParty:1030 - CMSIS Pack Vendor :wolfSSL I-CUBE-wolfSSH 1.4.20
2026-02-21 14:04:16,250 [INFO] ThirdParty:1030 - CMSIS Pack Vendor :STMicroelectronics X-CUBE-NFC7 2.0.0
2026-02-21 14:04:16,250 [INFO] ThirdParty:1030 - CMSIS Pack Vendor :RealThread X-CUBE-RT-Thread_Nano 4.1.1
2026-02-21 14:04:16,250 [INFO] ThirdParty:1030 - CMSIS Pack Vendor :STMicroelectronics FP-ATR-SIGFOX1 3.2.0
2026-02-21 14:04:16,250 [INFO] ThirdParty:1030 - CMSIS Pack Vendor :STMicroelectronics X-CUBE-EEPRMA1 5.1.0
2026-02-21 14:04:16,251 [INFO] ThirdParty:1030 - CMSIS Pack Vendor :STMicroelectronics MBEDTLS 2.16.2
2026-02-21 14:04:16,251 [INFO] ThirdParty:1030 - CMSIS Pack Vendor :STMicroelectronics X-CUBE-IPS 3.1.0
2026-02-21 14:04:16,251 [INFO] ThirdParty:1030 - CMSIS Pack Vendor :STMicroelectronics X-CUBE-ALS 1.0.2
2026-02-21 14:04:16,251 [INFO] ThirdParty:1030 - CMSIS Pack Vendor :ITTIA_DB I-CUBE-ITTIADB 8.9.0
2026-02-21 14:04:16,251 [INFO] ThirdParty:1030 - CMSIS Pack Vendor :STMicroelectronics X-CUBE-TOUCHGFX 4.24.2
2026-02-21 14:04:16,251 [INFO] ThirdParty:1030 - CMSIS Pack Vendor :STMicroelectronics X-CUBE-STSE01 1.0.0
2026-02-21 14:04:16,251 [INFO] ThirdParty:1030 - CMSIS Pack Vendor :STMicroelectronics X-CUBE-NFC6 3.2.0
2026-02-21 14:04:16,251 [INFO] ThirdParty:1030 - CMSIS Pack Vendor :STMicroelectronics X-CUBE-ST67W61 1.0.0
2026-02-21 14:04:16,251 [INFO] ThirdParty:1030 - CMSIS Pack Vendor :STMicroelectronics X-CUBE-AI 10.2.0
2026-02-21 14:04:16,251 [INFO] ThirdParty:1030 - CMSIS Pack Vendor :STMicroelectronics ThreadX 1.0.0
2026-02-21 14:04:16,251 [INFO] ThirdParty:1030 - CMSIS Pack Vendor :SEGGER I-CUBE-embOS 1.3.1
2026-02-21 14:04:16,251 [INFO] ThirdParty:1030 - CMSIS Pack Vendor :STMicroelectronics X-CUBE-ALGOBUILD 1.4.0
2026-02-21 14:04:16,251 [INFO] ThirdParty:1030 - CMSIS Pack Vendor :STMicroelectronics X-CUBE-MEMS1 11.3.0
2026-02-21 14:04:16,251 [INFO] ThirdParty:1030 - CMSIS Pack Vendor :STMicroelectronics X-CUBE-TOF1 3.4.2
2026-02-21 14:04:16,251 [INFO] ThirdParty:1030 - CMSIS Pack Vendor :STMicroelectronics X-CUBE-TOF1 3.4.3
2026-02-21 14:04:16,251 [INFO] ThirdParty:841 - exiting critical section [change project]
2026-02-21 14:04:16,523 [INFO] PinOutPanel:1589 - setPackage(No Configuration,No Configuration)
2026-02-21 14:04:16,524 [INFO] PinOutPanel:1589 - setPackage(STM32F446RETx,LQFP64)
2026-02-21 14:04:17,268 [INFO] UtilMem:75 - Before build in PCC Used Memory: 742142952 Bytes (1073741824)
2026-02-21 14:04:17,521 [INFO] UtilMem:75 - After build in PCC Used Memory: 795093992 Bytes (1073741824)
2026-02-21 14:04:17,542 [INFO] IPUIPlugin:80 - create IPUIPlugin
2026-02-21 14:04:17,542 [INFO] IPUIPlugin:80 - create IPUIPlugin
2026-02-21 14:04:17,542 [INFO] IPUIPlugin:80 - create IPUIPlugin
2026-02-21 14:04:17,542 [INFO] IPUIPlugin:80 - create IPUIPlugin
2026-02-21 14:04:17,543 [INFO] IPUIPlugin:80 - create IPUIPlugin
2026-02-21 14:04:17,543 [INFO] IPUIPlugin:80 - create IPUIPlugin
2026-02-21 14:04:17,543 [INFO] IPUIPlugin:80 - create IPUIPlugin
2026-02-21 14:04:17,543 [INFO] IPUIPlugin:80 - create IPUIPlugin
2026-02-21 14:04:17,543 [INFO] IPUIPlugin:80 - create IPUIPlugin
2026-02-21 14:04:17,543 [INFO] IPUIPlugin:80 - create IPUIPlugin
2026-02-21 14:04:17,544 [INFO] IPUIPlugin:80 - create IPUIPlugin
2026-02-21 14:04:17,544 [INFO] IPUIPlugin:80 - create IPUIPlugin
2026-02-21 14:04:17,544 [INFO] IPUIPlugin:80 - create IPUIPlugin
2026-02-21 14:04:17,544 [INFO] IPUIPlugin:80 - create IPUIPlugin
2026-02-21 14:04:17,544 [INFO] IPUIPlugin:80 - create IPUIPlugin
2026-02-21 14:04:17,544 [INFO] IPUIPlugin:80 - create IPUIPlugin
2026-02-21 14:04:17,544 [INFO] IPUIPlugin:80 - create IPUIPlugin
2026-02-21 14:04:17,545 [INFO] IPUIPlugin:80 - create IPUIPlugin
2026-02-21 14:04:17,545 [INFO] IPUIPlugin:80 - create IPUIPlugin
2026-02-21 14:04:17,545 [INFO] IPUIPlugin:80 - create IPUIPlugin
2026-02-21 14:04:17,545 [INFO] IPUIPlugin:80 - create IPUIPlugin
2026-02-21 14:04:17,545 [INFO] IPUIPlugin:80 - create IPUIPlugin
2026-02-21 14:04:17,545 [INFO] IPUIPlugin:80 - create IPUIPlugin
2026-02-21 14:04:17,545 [INFO] IPUIPlugin:80 - create IPUIPlugin
2026-02-21 14:04:17,545 [INFO] IPUIPlugin:80 - create IPUIPlugin
2026-02-21 14:04:17,546 [INFO] IPUIPlugin:80 - create IPUIPlugin
2026-02-21 14:04:17,546 [INFO] IPUIPlugin:80 - create IPUIPlugin
2026-02-21 14:04:17,546 [INFO] IPUIPlugin:80 - create IPUIPlugin
2026-02-21 14:04:17,546 [INFO] IPUIPlugin:80 - create IPUIPlugin
2026-02-21 14:04:17,546 [INFO] IPUIPlugin:80 - create IPUIPlugin
2026-02-21 14:04:17,546 [INFO] IPUIPlugin:80 - create IPUIPlugin
2026-02-21 14:04:17,547 [INFO] IPUIPlugin:80 - create IPUIPlugin
2026-02-21 14:04:17,547 [INFO] IPUIPlugin:80 - create IPUIPlugin
2026-02-21 14:04:17,547 [INFO] IPUIPlugin:80 - create IPUIPlugin
2026-02-21 14:04:17,547 [INFO] IPUIPlugin:80 - create IPUIPlugin
2026-02-21 14:04:17,547 [INFO] IPUIPlugin:80 - create IPUIPlugin
2026-02-21 14:04:17,547 [INFO] IPUIPlugin:80 - create IPUIPlugin
2026-02-21 14:04:17,547 [INFO] IPUIPlugin:80 - create IPUIPlugin
2026-02-21 14:04:17,547 [INFO] IPUIPlugin:80 - create IPUIPlugin
2026-02-21 14:04:17,548 [INFO] IPUIPlugin:80 - create IPUIPlugin
2026-02-21 14:04:17,548 [INFO] IPUIPlugin:80 - create IPUIPlugin
2026-02-21 14:04:17,548 [INFO] IPUIPlugin:80 - create IPUIPlugin
2026-02-21 14:04:17,548 [INFO] IPUIPlugin:80 - create IPUIPlugin
2026-02-21 14:04:17,548 [INFO] IPUIPlugin:80 - create IPUIPlugin
2026-02-21 14:04:17,548 [INFO] IPUIPlugin:80 - create IPUIPlugin
2026-02-21 14:04:17,548 [INFO] IPUIPlugin:80 - create IPUIPlugin
2026-02-21 14:04:17,548 [INFO] IPUIPlugin:80 - create IPUIPlugin
2026-02-21 14:04:17,548 [INFO] IPUIPlugin:80 - create IPUIPlugin
2026-02-21 14:04:17,548 [INFO] IPUIPlugin:80 - create IPUIPlugin
2026-02-21 14:04:17,549 [INFO] IPUIPlugin:80 - create IPUIPlugin
2026-02-21 14:04:17,549 [INFO] IPUIPlugin:80 - create IPUIPlugin
2026-02-21 14:04:17,549 [INFO] IPUIPlugin:80 - create IPUIPlugin
2026-02-21 14:04:17,549 [INFO] IPUIPlugin:80 - create IPUIPlugin
2026-02-21 14:04:17,549 [INFO] IPUIPlugin:80 - create IPUIPlugin
2026-02-21 14:04:17,549 [INFO] IPUIPlugin:80 - create IPUIPlugin
2026-02-21 14:04:17,550 [INFO] IPUIPlugin:80 - create IPUIPlugin
2026-02-21 14:04:17,550 [INFO] IPUIPlugin:80 - create IPUIPlugin
2026-02-21 14:04:17,550 [INFO] IPUIPlugin:80 - create IPUIPlugin
2026-02-21 14:04:17,551 [INFO] IPUIPlugin:80 - create IPUIPlugin
2026-02-21 14:04:17,551 [INFO] IPUIPlugin:80 - create IPUIPlugin
2026-02-21 14:04:17,555 [INFO] ApiDbMcu:532 - Load IP Config File for PDM2PCM
2026-02-21 14:04:17,557 [INFO] Can:71 - Can Add PropertyChangeListener com.st.microxplorer.plugins.ip.can.Can@77b1fb28
2026-02-21 14:04:17,622 [INFO] CADModel:165 - CPN selected for project levelSTM32F446RET6
2026-02-21 14:04:17,622 [INFO] CADModel:114 - Register for checkConnection events
2026-02-21 14:04:17,665 [INFO] OpenFileManager:386 - Restore cursor
2026-02-21 14:04:46,782 [INFO] ParamManager:905 - [Generic UI] PropertyChangeEvent: TAB_STATUS_CHANGED , "dont care", "never mind"
2026-02-21 14:04:46,907 [INFO] ParamManager:905 - [Generic UI] PropertyChangeEvent: TAB_STATUS_CHANGED , "dont care", "never mind"
2026-02-21 14:09:01,297 [INFO] ParamManager:905 - [Generic UI] PropertyChangeEvent: TAB_STATUS_CHANGED , "dont care", "never mind"
2026-02-21 14:09:01,453 [INFO] ParamManager:905 - [Generic UI] PropertyChangeEvent: TAB_STATUS_CHANGED , "dont care", "never mind"
2026-02-21 14:09:39,688 [INFO] UtilMem:75 - End SaveConfig() Used Memory: 837617576 Bytes (1073741824)
2026-02-21 14:09:42,734 [INFO] UtilMem:75 - End SaveConfig() Used Memory: 941959496 Bytes (1073741824)
2026-02-21 14:09:43,332 [INFO] BlockDiagram:2775 - set Specific Code input for plugin: CAN
2026-02-21 14:09:43,332 [INFO] BlockDiagram:2775 - set Specific Code input for plugin: TIM1_8
2026-02-21 14:09:43,332 [INFO] BlockDiagram:2775 - set Specific Code input for plugin: TIM1_8
2026-02-21 14:09:43,332 [INFO] BlockDiagram:2775 - set Specific Code input for plugin: ADC
2026-02-21 14:09:43,332 [INFO] BlockDiagram:2775 - set Specific Code input for plugin: SYS
2026-02-21 14:09:43,332 [INFO] BlockDiagram:2775 - set Specific Code input for plugin: ADC
2026-02-21 14:09:43,333 [INFO] BlockDiagram:2775 - set Specific Code input for plugin: RCC
2026-02-21 14:09:43,333 [INFO] BlockDiagram:2775 - set Specific Code input for plugin: NVIC
2026-02-21 14:09:43,333 [INFO] BlockDiagram:2775 - set Specific Code input for plugin: USART
2026-02-21 14:09:43,333 [INFO] BlockDiagram:2775 - set Specific Code input for plugin: GPIO
2026-02-21 14:09:43,333 [INFO] CodeGenerator:892 - code generatio: config db path: /Applications/STM32CubeIDE.app/Contents/Eclipse/plugins/com.st.stm32cube.common.mx_6.15.0.202507011659//db/
2026-02-21 14:09:43,884 [INFO] CodeEngine:265 - oldGeneratedFile, /Users/mahinnaveen/Documents/GitHub/FY25_26_Embedded-Systems/propulsion_control_unit/MXTmpFiles/license.tmp_save
2026-02-21 14:09:44,164 [INFO] CodeEngine:289 - Generated code: /Users/mahinnaveen/Documents/GitHub/FY25_26_Embedded-Systems/propulsion_control_unit/MXTmpFiles/license.tmp
2026-02-21 14:09:44,225 [INFO] CodeEngine:265 - oldGeneratedFile, /Users/mahinnaveen/Documents/GitHub/FY25_26_Embedded-Systems/propulsion_control_unit/Core/Src/gpio.c_save
2026-02-21 14:09:44,365 [INFO] CodeEngine:289 - Generated code: /Users/mahinnaveen/Documents/GitHub/FY25_26_Embedded-Systems/propulsion_control_unit/Core/Src/gpio.c
2026-02-21 14:09:44,368 [INFO] CodeEngine:265 - oldGeneratedFile, /Users/mahinnaveen/Documents/GitHub/FY25_26_Embedded-Systems/propulsion_control_unit/Core/Inc/gpio.h_save
2026-02-21 14:09:44,478 [INFO] CodeEngine:289 - Generated code: /Users/mahinnaveen/Documents/GitHub/FY25_26_Embedded-Systems/propulsion_control_unit/Core/Inc/gpio.h
2026-02-21 14:09:44,915 [INFO] CodeEngine:265 - oldGeneratedFile, /Users/mahinnaveen/Documents/GitHub/FY25_26_Embedded-Systems/propulsion_control_unit/Core/Src/adc.c_save
2026-02-21 14:09:45,147 [INFO] CodeEngine:289 - Generated code: /Users/mahinnaveen/Documents/GitHub/FY25_26_Embedded-Systems/propulsion_control_unit/Core/Src/adc.c
2026-02-21 14:09:45,150 [INFO] CodeEngine:265 - oldGeneratedFile, /Users/mahinnaveen/Documents/GitHub/FY25_26_Embedded-Systems/propulsion_control_unit/Core/Inc/adc.h_save
2026-02-21 14:09:45,238 [INFO] CodeEngine:289 - Generated code: /Users/mahinnaveen/Documents/GitHub/FY25_26_Embedded-Systems/propulsion_control_unit/Core/Inc/adc.h
2026-02-21 14:09:45,243 [INFO] CodeEngine:265 - oldGeneratedFile, /Users/mahinnaveen/Documents/GitHub/FY25_26_Embedded-Systems/propulsion_control_unit/Core/Src/can.c_save
2026-02-21 14:09:45,366 [INFO] CodeEngine:289 - Generated code: /Users/mahinnaveen/Documents/GitHub/FY25_26_Embedded-Systems/propulsion_control_unit/Core/Src/can.c
2026-02-21 14:09:45,368 [INFO] CodeEngine:265 - oldGeneratedFile, /Users/mahinnaveen/Documents/GitHub/FY25_26_Embedded-Systems/propulsion_control_unit/Core/Inc/can.h_save
2026-02-21 14:09:45,447 [INFO] CodeEngine:289 - Generated code: /Users/mahinnaveen/Documents/GitHub/FY25_26_Embedded-Systems/propulsion_control_unit/Core/Inc/can.h
2026-02-21 14:09:45,453 [INFO] CodeEngine:265 - oldGeneratedFile, /Users/mahinnaveen/Documents/GitHub/FY25_26_Embedded-Systems/propulsion_control_unit/Core/Src/tim.c_save
2026-02-21 14:09:45,565 [INFO] CodeEngine:289 - Generated code: /Users/mahinnaveen/Documents/GitHub/FY25_26_Embedded-Systems/propulsion_control_unit/Core/Src/tim.c
2026-02-21 14:09:45,567 [INFO] CodeEngine:265 - oldGeneratedFile, /Users/mahinnaveen/Documents/GitHub/FY25_26_Embedded-Systems/propulsion_control_unit/Core/Inc/tim.h_save
2026-02-21 14:09:45,646 [INFO] CodeEngine:289 - Generated code: /Users/mahinnaveen/Documents/GitHub/FY25_26_Embedded-Systems/propulsion_control_unit/Core/Inc/tim.h
2026-02-21 14:09:45,651 [INFO] CodeEngine:265 - oldGeneratedFile, /Users/mahinnaveen/Documents/GitHub/FY25_26_Embedded-Systems/propulsion_control_unit/Core/Src/usart.c_save
2026-02-21 14:09:45,760 [INFO] CodeEngine:289 - Generated code: /Users/mahinnaveen/Documents/GitHub/FY25_26_Embedded-Systems/propulsion_control_unit/Core/Src/usart.c
2026-02-21 14:09:45,763 [INFO] CodeEngine:265 - oldGeneratedFile, /Users/mahinnaveen/Documents/GitHub/FY25_26_Embedded-Systems/propulsion_control_unit/Core/Inc/usart.h_save
2026-02-21 14:09:45,836 [INFO] CodeEngine:289 - Generated code: /Users/mahinnaveen/Documents/GitHub/FY25_26_Embedded-Systems/propulsion_control_unit/Core/Inc/usart.h
2026-02-21 14:09:45,846 [INFO] CodeEngine:265 - oldGeneratedFile, /Users/mahinnaveen/Documents/GitHub/FY25_26_Embedded-Systems/propulsion_control_unit/Core/Src/stm32f4xx_it.c_save
2026-02-21 14:09:46,081 [INFO] CodeEngine:289 - Generated code: /Users/mahinnaveen/Documents/GitHub/FY25_26_Embedded-Systems/propulsion_control_unit/Core/Src/stm32f4xx_it.c
2026-02-21 14:09:46,086 [INFO] CodeEngine:265 - oldGeneratedFile, /Users/mahinnaveen/Documents/GitHub/FY25_26_Embedded-Systems/propulsion_control_unit/Core/Inc/stm32f4xx_it.h_save
2026-02-21 14:09:46,158 [INFO] CodeEngine:289 - Generated code: /Users/mahinnaveen/Documents/GitHub/FY25_26_Embedded-Systems/propulsion_control_unit/Core/Inc/stm32f4xx_it.h
2026-02-21 14:09:46,167 [INFO] CodeEngine:265 - oldGeneratedFile, /Users/mahinnaveen/Documents/GitHub/FY25_26_Embedded-Systems/propulsion_control_unit/Core/Src/stm32f4xx_hal_msp.c_save
2026-02-21 14:09:46,276 [INFO] CodeEngine:289 - Generated code: /Users/mahinnaveen/Documents/GitHub/FY25_26_Embedded-Systems/propulsion_control_unit/Core/Src/stm32f4xx_hal_msp.c
2026-02-21 14:09:46,280 [INFO] CodeEngine:265 - oldGeneratedFile, /Users/mahinnaveen/Documents/GitHub/FY25_26_Embedded-Systems/propulsion_control_unit/MXTmpFiles/system.tmp_save
2026-02-21 14:09:46,349 [INFO] CodeEngine:289 - Generated code: /Users/mahinnaveen/Documents/GitHub/FY25_26_Embedded-Systems/propulsion_control_unit/MXTmpFiles/system.tmp
2026-02-21 14:09:46,357 [INFO] CodeEngine:321 - oldGeneratedFile, /Users/mahinnaveen/Documents/GitHub/FY25_26_Embedded-Systems/propulsion_control_unit/Core/Inc/stm32f4xx_hal_conf.h_save
2026-02-21 14:09:46,441 [INFO] CodeEngine:345 - Generated code: /Users/mahinnaveen/Documents/GitHub/FY25_26_Embedded-Systems/propulsion_control_unit/Core/Inc/stm32f4xx_hal_conf.h
2026-02-21 14:09:46,458 [WARN] IPConfigManager:3238 - Warning: the RefConfig PLL2P_FOR_MCO is not available in your config.xml file
2026-02-21 14:09:46,462 [INFO] ApiDbMcu:532 - Load IP Config File for ADC1
2026-02-21 14:09:46,464 [INFO] ApiDbMcu:532 - Load IP Config File for ADC2
2026-02-21 14:09:46,478 [INFO] ApiDbMcu:532 - Load IP Config File for CAN2
2026-02-21 14:09:46,493 [INFO] ApiDbMcu:532 - Load IP Config File for TIM1
2026-02-21 14:09:46,504 [INFO] ApiDbMcu:532 - Load IP Config File for TIM2
2026-02-21 14:09:46,508 [INFO] ApiDbMcu:532 - Load IP Config File for USART1
2026-02-21 14:09:46,511 [INFO] ApiDbMcu:532 - Load IP Config File for RCC
2026-02-21 14:09:46,519 [INFO] CodeEngine:265 - oldGeneratedFile, /Users/mahinnaveen/Documents/GitHub/FY25_26_Embedded-Systems/propulsion_control_unit/Core/Inc/main.h_save
2026-02-21 14:09:46,649 [INFO] CodeEngine:289 - Generated code: /Users/mahinnaveen/Documents/GitHub/FY25_26_Embedded-Systems/propulsion_control_unit/Core/Inc/main.h
2026-02-21 14:09:46,653 [INFO] CodeEngine:265 - oldGeneratedFile, /Users/mahinnaveen/Documents/GitHub/FY25_26_Embedded-Systems/propulsion_control_unit/Core/Src/main.c_save
2026-02-21 14:09:46,780 [INFO] CodeEngine:289 - Generated code: /Users/mahinnaveen/Documents/GitHub/FY25_26_Embedded-Systems/propulsion_control_unit/Core/Src/main.c
2026-02-21 14:09:47,173 [INFO] ProjectBuilder:3606 - Time for Copy HAL[1] : 211mS.
2026-02-21 14:09:47,176 [INFO] ProjectBuilder:5216 - Project Generator version: 4.7.0-B52
2026-02-21 14:09:47,302 [INFO] ConfigFileManager:1595 - The Die is : DIE421
2026-02-21 14:09:47,309 [INFO] ApiDbMcu:532 - Load IP Config File for FATFS
2026-02-21 14:09:47,315 [INFO] ApiDbMcu:532 - Load IP Config File for FREERTOS
2026-02-21 14:09:47,319 [INFO] ApiDbMcu:532 - Load IP Config File for LIBJPEG
2026-02-21 14:09:47,327 [INFO] ApiDbMcu:532 - Load IP Config File for MBEDTLS
2026-02-21 14:09:47,337 [INFO] ApiDbMcu:532 - Load IP Config File for USB_DEVICE
2026-02-21 14:09:47,341 [INFO] ApiDbMcu:532 - Load IP Config File for USB_HOST
2026-02-21 14:09:48,470 [INFO] ProjectBuilder:5496 - Time for Generating toolchain IDE Files: 1294mS.
2026-02-21 14:09:48,471 [INFO] ProjectBuilder:3463 - Time for Copy CMSIS : 0mS.
2026-02-21 14:09:48,473 [INFO] ProjectBuilder:3463 - Time for Copy CMSIS : 1mS.
